molecules,eye_corrosion
O=C(c1ccccc1)C(Br)c1ccccc1,1.0
O=C(c1ccc(F)cc1)C1CCN(CCn2c(=O)[nH]c3ccccc3c2=O)CC1,0.0
C=CCOC(Cn1ccnc1)c1ccc(Cl)cc1Cl,0.0
CCCCNc1c2c(nc3ccccc13)CCCC2,0.0
NS(=O)(=O)c1cc(C(=O)O)c(NCc2ccco2)cc1Cl,0.0
NC1CCN(c2c(F)cc3c(=O)c(C(=O)O)cn(C4CC4)c3c2Cl)C1,0.0
CCCCC1(COC(=O)CCC(=O)O)C(=O)N(c2ccccc2)N(c2ccccc2)C1=O,0.0
CCN1CCCC(OC(=O)C(c2ccccc2)c2ccccc2)C1,0.0
O=c1c(Cc2c(O)oc3ccccc3c2=O)c(O)oc2ccccc12,0.0
CC1CN(c2c(F)c(N)c3c(=O)c(C(=O)O)cn(C4CC4)c3c2F)CC(C)N1,0.0
COC1C(O)C(C)OC(OC2CCC3(C=O)C(CCC4C3CCC3(C)C(C5=CC(=O)OC5)CCC43O)C2)C1O,0.0
CC1=C(C(=O)O)N2C(=O)C(NC(=O)C(N)C3=CCC=CC3)C2SC1,0.0
Cc1cc(C(=O)NNCc2ccccc2)no1,0.0
CN1CCC23c4c5ccc(O)c4OC2C(=O)CCC3(O)C1C5,0.0
COc1ccc(-n2nc(C(N)=O)c3c2C(=O)N(c2ccc(N4CCCCC4=O)cc2)CC3)cc1,0.0
CC=CC1=C(C(=O)O)N2C(=O)C(NC(=O)C(N)c3ccc(O)cc3)C2SC1,0.0
CCn1cc(C(=O)O)c(=O)c2ccc(C)nc21,0.0
O=C(O)CCc1nc(-c2ccccc2)c(-c2ccccc2)o1,0.0
COc1ccc(Cc2nccc3cc(OC)c(OC)cc23)cc1OC,0.0
CC1OC(OC2C(O)CC(OC3C(O)CC(OC4CCC5(C)C(CCC6C5CCC5(C)C(C7=CC(=O)OC7)CCC65O)C4)OC3C)OC2C)CC(O)C1O,0.0
S=C=NC1CCCCC1,1.0
CN(C)CCOc1ccccc1Cc1ccccc1,0.0
Cl[Si](c1ccccc1)(c1ccccc1)c1ccccc1,1.0
CCN(CC)CCOC(=O)C1(c2ccccc2)CCCC1,0.0
Cn1ccnc1,1.0
NC1CC1c1ccccc1,0.0
CNCCCC12CCC(c3ccccc31)c1ccccc12,0.0
CN1CCc2c(c3ccccc3n2Cc2ccccc2)C1,0.0
O=C(O)CCC(=O)c1ccc(-c2ccccc2)cc1,0.0
O=c1c(-c2ccccc2)c1-c1ccccc1,0.0
CC(NCCCc1cccc(C(F)(F)F)c1)c1cccc2ccccc12,0.0
C=C1c2cccc(O)c2C(=O)C2C(=O)C3(O)C(=O)C(C(N)=O)C(=O)C(N(C)C)C3C(O)C12,0.0
CN(C)CCC=C1c2ccccc2COc2ccccc21,0.0
CON=C(C(=O)NC1C(=O)N2C(C(=O)O)=C(CSc3nnnn3C)CSC12)c1csc(N)n1,0.0
CNC1C(OC2C(OC3C(O)C(O)C(N=C(N)N)C(O)C3N=C(N)N)OC(C)C2(O)CO)OC(CO)C(O)C1O,0.0
CN1CCN(C(c2ccccc2)c2ccc(Cl)cc2)CC1,0.0
CC1=C(C(=O)O)N2C(=O)C(NC(=O)C(N)c3ccccc3)C2SC1,0.0
CN(C)CCCN1c2ccccc2Sc2ccc(C(F)(F)F)cc21,0.0
CC12CCC3c4ccc(O)cc4CCC3C1CCC2O,0.0
NC(=O)N1c2ccccc2CC(O)c2ccccc21,0.0
CC1CCCCC1N,1.0
O=C(O)CCCCCCNC1c2ccccc2CCc2ccccc21,0.0
N=C(N)c1ccc(CNC(=O)C2CCN2C(=O)C(NCC(=O)O)C2CCCCC2)cc1,0.0
O=S(=O)(Cl)c1ccc(Cl)s1,1.0
COc1ccc2cccc(CCNC(C)=O)c2c1,0.0
CC12CCC3c4ccc(O)cc4CCC3C1CCC2=O,0.0
Nc1[nH]c(=O)ncc1F,0.0
Cc1oc(=O)oc1COC(=O)N1CCC(N2CC=C(C=C3CSC4C(NC(=O)C(=NO)c5nsc(N)n5)C(=O)N4C3C(=O)O)C2=O)C1,0.0
COc1ccc2c3c1OC1CC(O)C=CC31CCN(C)C2,0.0
C=c1c(C(=O)NCCN(CC)CC)c(C)[nH]c1=Cc1c(O)[nH]c2ccc(F)cc12,0.0
CC(C)(C)CC(=O)OCC(=O)C12OC(C)(C)OC1CC1C3CC=C4CC(=O)C=CC4(C)C3(F)C(O)CC12C,0.0
CCCC1CC(C(=O)NC(C(C)Cl)C2OC(SC)C(O)C(O)C2O)N(C)C1,0.0
C1CN1c1nc(N2CC2)nc(N2CC2)n1,0.0
CC1OC(OC2C(O)CC(OC3C(O)CC(OC4CCC5(C)C(CCC6C5CC(O)C5(C)C(C7=CC(=O)OC7)CCC65O)C4)OC3C)OC2C)CC(O)C1O,0.0
CN1CCC(=C2c3ccccc3CCc3sccc32)CC1,0.0
Cc1cc(CC(=O)O)n(C)c1C(=O)c1ccc(Cl)cc1,0.0
CCCCC(C)(O)CC=CC1C(O)CC(=O)C1CCCCCCC(=O)OC,0.0
C=CC1=C(C(=O)O)N2C(=O)C(=NC(=O)C(NOCC(=O)O)c3csc(N)n3)C2SC1,0.0
NCCN1CCOCC1,1.0
CC1(C)C(C(=O)O)N2C(=O)CC2S1(=O)=O,0.0
CCOC(=O)C1(c2ccccc2)CCCN(C)CC1,0.0
CC(=O)OCC1=C(C(=O)O)N2C(=O)C(NC(=O)CSc3ccncc3)C2SC1,0.0
Cc1ccc(C(=CCN2CCCC2)c2cccc(C=CC(=O)O)n2)cc1,0.0
CCCC(NC(C)C(=O)N1C(C(=O)O)CC2CCCCC21)C(=O)OCC,0.0
CCC1CN2CCc3cc(OC)c(OC)cc3C2CC1CC1NCCc2cc(OC)c(OC)cc21,0.0
CC(c1cc2ccccc2s1)N(O)C(N)=O,0.0
CC1=NS(=O)(=O)c2cc(Cl)ccc2N1,0.0
Oc1cn2c(n1)Nc1ccc(Cl)c(Cl)c1C2,0.0
O=C1OCCN1P(=O)(Cl)N1CCOC1=O,1.0
Cc1ccccc1C(OCCN(C)C)c1ccccc1,0.0
CNC1C(O)C(NC)C2OC3(O)C(=O)CC(C)OC3OC2C1O,0.0
CC1(Cn2ccnn2)C(C(=O)O)N2C(=O)CC2S1(=O)=O,0.0
CCc1cccc2c3c([nH]c12)C(CC)(CC(=O)O)OCC3,0.0
NCCN1CCCC1,1.0
CCC(C(C)O)n1ncn(-c2ccc(N3CCN(c4ccc(OCC5COC(Cn6cncn6)(c6ccc(F)cc6F)C5)cc4)CC3)cc2)c1=O,0.0
O=C(CBr)c1ccc2ccccc2c1,1.0
NC(=O)N1c2ccccc2C=Cc2ccccc21,0.0
Nc1ncn(C2OC(CO)C(O)C2O)c(=O)n1,0.0
CN1C(=O)CCS(=O)(=O)C1c1ccc(Cl)cc1,0.0
NCCc1cccs1,1.0
CC(C)CC(NC(=O)C(Cc1ccccc1)NC(=O)c1cnccn1)B(O)O,0.0
CN1C(C(=O)Nc2ccccn2)=C(OC(=O)C=Cc2ccccc2)c2ccccc2S1(=O)=O,0.0
Cc1ncc2n1-c1ccc(Cl)cc1C(c1ccccc1F)=NC2,0.0
ClC(c1ccccc1)c1ccccc1,1.0
CC12CC(C=O)C(=O)CC1CCC1C2CCC2(C)C1CCC2(C)O,0.0
CC(C)(C)NCC(O)COc1cccc2c1CC(O)C(O)C2,0.0
CC(O)C1C(=O)N2C(C(=O)O)=C(SCCN=CN)CC12,0.0
Cc1c(O)cccc1C(=O)NC(CSc1ccccc1)C(O)CN1CC2CCCCC2CC1C(=O)NC(C)(C)C,0.0
CN1C2CCC1CC(OC(=O)c1c[nH]c3ccccc13)C2,0.0
C=C1CC(O)C(C=CC(O)C(C)(C)CCCC)C1CC=CCCCC(=O)O,0.0
O=c1[nH]c(O)cn1N=Cc1ccc(-c2ccc([N+](=O)[O-])cc2)o1,0.0
COc1ccc2c(c1)c(CC(=O)OCC(C(=O)O)c1ccccc1)c(C)n2C(=O)c1ccc(Cl)cc1,0.0
CCOc1cc(CC(=O)NC(CC(C)C)c2ccccc2N2CCCCC2)ccc1C(=O)O,0.0
CCCCCCCCn1sccc1=O,1.0
CC(C)NCC1CCc2cc(CO)c([N+](=O)[O-])cc2N1,0.0
CN1C2CCC1CC(OC(=O)C(CO)c1ccccc1)C2,0.0
CC(CN1CC(=O)NC(=O)C1)N1CC(=O)NC(=O)C1,0.0
CCCN1CC(CSC)CC2c3cccc4[nH]cc(c34)CC21,0.0
Nc1nc(=O)n(C2CSC(CO)O2)cc1F,0.0
CC(C(=O)O)c1ccc(C(=O)c2cccs2)cc1,0.0
CCCN(CCC)C(=O)Cc1c(-c2ccc(Cl)cc2)nc2ccc(Cl)cn12,0.0
COc1ccc2[nH]cc(CCNC(C)=O)c2c1,0.0
CCC(=O)c1ccc2c(c1)N(CC(C)N(C)C)c1ccccc1S2,0.0
C1COCCN1,1.0
CCN(CC)CCNc1ccc(CO)c2sc3ccccc3c(=O)c12,0.0
CC1(C)C(=O)N(Br)C(=O)N1Br,1.0
C1CNCCNCCN1,1.0
Cn1c(CNc2ccc(C(=N)N)cc2)nc2cc(C(=O)N(CCC(=O)O)c3ccccn3)ccc21,0.0
COc1ccc(NS(=O)(=O)c2ccc(NC(c3c(C)n(C)n(-c4ccccc4)c3=O)S(=O)(=O)O)cc2)nn1,0.0
c1ccc2[nH]c(-c3cscn3)nc2c1,0.0
CCCCC(C)(OC)C(O)C=CC1C(O)CC(=O)C1CCCCCCC(=O)OC,0.0
CC(COc1ccccc1)NC(C)C(O)c1ccc(O)cc1,0.0
CC(=O)OCC1=C(C(=O)O)N2C(=O)C(NC(=O)Cc3cccs3)C2SC1,0.0
CN1CCN(CCCN2c3ccccc3Sc3ccc(C(F)(F)F)cc32)CC1,0.0
CC1CCC2C(C)C(O)OC3OC4(C)CCC1C32OO4,0.0
CC1CN(c2cc3c(cc2F)c(=O)c(C(=O)O)cn3-c2ccc(F)cc2F)CCN1,0.0
C1CCCNCCC1,1.0
Clc1ccc(CON=C(Cn2ccnc2)c2ccc(Cl)cc2Cl)c(Cl)c1,0.0
COC1C(OC(N)=O)C(O)C(Oc2ccc3c(=O)c(NC(=O)c4ccc(O)c(CC=C(C)C)c4)c(O)oc3c2C)OC1(C)C,0.0
CC(C)C1CCC(C(=O)NC(Cc2ccccc2)C(=O)O)CC1,0.0
NC1CCCCC1,1.0
CNc1ccc(C=Cc2ccc(OCCOCCOCC[18F])nc2)cc1,0.0
Cc1cc2c(s1)Nc1ccccc1N=C2N1CCN(C)CC1,0.0
CC1(C)C2CCC1(CS(=O)(=O)O)C(=O)C2,1.0
CC(C)(C)CC(=O)OCC(=O)C1(O)CCC2C3CC=C4CC(=O)C=CC4(C)C3C(O)CC21C,0.0
CN1CC(C(=O)NC2(C)OC3(O)C4CCCN4C(=O)C(Cc4ccccc4)N3C2=O)C=C2c3cccc4[nH]cc(c34)CC21,0.0
CS(=O)(=O)c1ccc(C2=C(c3ccccc3)C(=O)OC2)cc1,0.0
Nc1c2ccccc2nc2ccccc12,0.0
Clc1cc(Cl)ncn1,1.0
CC(=O)c1ccc(S(=O)(=O)NC(=O)NC2CCCCC2)cc1,0.0
NS(=O)(=O)c1cc(C2(O)NC(=O)c3ccccc32)ccc1Cl,0.0
CCc1nnc(NS(=O)(=O)c2ccc(N)cc2)s1,0.0
O=C(O)CCC(=O)Nc1ccc(S(=O)(=O)Nc2nccs2)cc1,0.0
CC1CCC(N)CC1,1.0
CC(=O)OCC(=O)C1(O)C(OC(C)=O)CC2C3CC=C4CC(=O)C=CC4(C)C3(F)C(O)CC21C,0.0
CC1CS(=O)(=O)CCN1N=Cc1ccc([N+](=O)[O-])o1,0.0
Clc1ccccc1CN1CCc2sccc2C1,0.0
O=C(NCCN1CCOCC1)c1ccc(Cl)cc1,0.0
CCC(=O)N(c1ccccc1)C1(COC)CCN(CCc2cccs2)CC1,0.0
C=C1CC2C(CCC3(C)C(=O)CCC23)C2(C)C=CC(=O)C=C12,0.0
CCN(CC)CCOCCOC(=O)C1(c2ccccc2)CCCC1,0.0
CCC(=C(c1ccccc1)c1ccc(OCCN(C)C)cc1)c1ccccc1,0.0
C#CCNC1CCc2ccccc21,0.0
CC(=O)C1CCC2C3CC(C)=C4CC(=O)CCC4(C)C3C(O)CC12C,0.0
Nc1ccc(S(=O)(=O)Nc2ccccn2)cc1,0.0
CCn1ccc(NS(=O)(=O)c2ccc(N)cc2)nc1=O,0.0
CCOc1ccc2ccccc2c1C(=O)NC1C(=O)N2C1SC(C)(C)C2C(=O)O,0.0
C=CCN1CCC23c4c5ccc(O)c4OC2C(=O)CCC3(O)C1C5,0.0
CN1CCN2c3ccccc3Cc3ccccc3C2C1,0.0
OC(CCN1CCCC1)(c1ccccc1)C1CCCCC1,0.0
CN(C)CCOC(c1ccccc1)c1ccccc1,0.0
CN(C)c1nc(N(C)C)nc(N(C)C)n1,0.0
COCc1c(-c2ccc(F)cc2)c(=CCC(O)CC(O)CC(=O)O)c(C(C)C)nc1=C(C)C,0.0
CCC1(c2ccccc2)CCC(=O)NC1=O,0.0
C[N+](C)([O-])CCCN1c2ccccc2CCc2ccccc21,0.0
Nc1nc(=O)c2nc(CNc3ccc(C(=O)NC(CCC(=O)O)C(=O)O)cc3)cnc2[nH]1,0.0
C=CC1=C(C(=O)O)N2C(=O)C(NC(=O)C(=NO)c3csc(N)n3)C2SC1,0.0
O=C(Nc1cccc2c(=O)cc(-c3nn[nH]n3)oc12)c1ccc(OCCCCc2ccccc2)cc1,0.0
OCC1CCCCN1,1.0
CN1CC2c3ccccc3Oc3ccc(Cl)cc3C2C1,0.0
CCCCCOc1ccc(-c2sc(=O)[nH]c2O)cc1OCC,0.0
CN1CCN(C2=Nc3ccccc3Sc3ccc(Cl)cc32)CC1,0.0
NC(Cc1cc(I)c(Oc2cc(I)c(O)c(I)c2)c(I)c1)C(=O)O,0.0
Cc1cc(C=CC#N)cc(C)c1Nc1ccnc(Nc2ccc(C#N)cc2)n1,0.0
CN1C2CCC1CC(OC(c1ccccc1)c1ccccc1)C2,0.0
CCCCC(CC)c1[nH]c(=O)n(SC(Cl)(Cl)Cl)c1O,0.0
CCN(CC)C1CCCCC1,1.0
NS(=O)(=O)c1cc2c(cc1Cl)N=CNS2(=O)=O,0.0
CC1CC2(C)C(CCC3C4CCC(O)C4(C)CCC32)CC1=O,0.0
CC(=O)c1ccc2c(c1)N(CCCN1CCN(CCO)CC1)c1ccccc1S2,0.0
CCC12CCCN3CCc4c(n(c5ccccc45)C(O)(C(=O)OC)C1)C32,0.0
CN1CCN(C2=Nc3cc(Cl)ccc3Nc3ccccc32)CC1,0.0
CSc1ccc2c(c1)N(CCC1CCCCN1C)c1ccccc1S2,0.0
CCC(c1ccc2cc(OC)ccc2c1)C(C)(C)C(=O)O,0.0
Cc1nc2c([nH]1)-c1ccccc1N(C(=O)c1ccc(NC(=O)c3ccccc3-c3ccccc3)cc1)CC2,0.0
CN1CCN(CCCN2c3ccccc3Sc3ccc(Cl)cc32)CC1,0.0
CC=C(c1ccc(O)cc1)C(CC)c1ccc(O)cc1,0.0
COC(=O)C(c1ccccc1)C1CCCCN1,0.0
Cc1scc2c1N(C(=O)CN1CCN(C)CC1)c1ccccc1NC2=O,0.0
CC1OC(OC2C(O)CC(OC3C(O)CC(OC4CCC5(C)C(CCC6C5CCC5(C)C(C7=CC(=O)OC7)C(O)CC65O)C4)OC3C)OC2C)CC(O)C1O,0.0
Cc1ncc[nH]1,1.0
CN1CCN2c3ncccc3Cc3ccccc3C2C1,0.0
CC(C(=O)O)c1ccc(C(=O)c2ccccc2)s1,0.0
O=c1[nH]c2ccccc2n1CCCN1CCC(n2c(=O)[nH]c3cc(Cl)ccc32)CC1,0.0
CCOC(=O)Nc1ccc2c(c1)N(C(=O)CCN1CCOCC1)c1ccccc1S2,0.0
CC(=O)Oc1ccccc1C(=O)Nc1ncc([N+](=O)[O-])s1,0.0
COc1c(C)c2c(c(O)c1CC=C(C)CCC(=O)O)C(=O)OC2,0.0
Nc1ncn(C2CC(O)C(CO)O2)c(=O)n1,0.0
C=C1CCC(O)CC1=CC=C1CCCC2(C)C1CCC2C(C)CCCC(C)(C)O,0.0
CCCCCCCCCC(=O)OCCN1CCN(CCCN2c3ccccc3Sc3ccc(C(F)(F)F)cc32)CC1,0.0
CC1CC(OC(=O)C(O)c2ccccc2)CC(C)(C)C1,0.0
CCC1(C)CC(=O)NC1=O,0.0
COc1ccccc1OC(=O)CNC(=O)Cc1ccc(C(=O)c2ccc(C)cc2)n1C,0.0
CCOC(=O)Nc1ccc(NCc2ccc(F)cc2)cc1N,0.0
NC(CC(=O)N1CCn2c(nnc2C(F)(F)F)C1)Cc1cc(F)c(F)cc1F,0.0
CC(C(=O)O)c1ccc(N2CC=CC2)c(Cl)c1,0.0
C#CC1(OC(C)=O)CCC2C3CC=C4CC(=O)CCC4C3CCC21C,0.0
CC#CCC(C)C(O)C=CC1C(O)CC2Oc3c(CCCC(=O)O)cccc3C21,0.0
CCN1CCOCC1,1.0
CC1CC=CC=CC=CC=CC(OC2OC(C)C(O)C(N)C2O)CC2OC(O)(CC(O)CC3OC3C=CC(=O)O1)CC(O)C2C(=O)O,0.0
OCC1OC(n2cnc3c2N=CNCC3O)CC1O,0.0
CCOC(=O)C(CCc1ccccc1)NC1CSC(c2cccs2)CN(CC(=O)O)C1=O,0.0
CCCC1CC(C(=O)NC(C(C)O)C2OC(SC)C(O)C(O)C2O)N(C)C1,0.0
C#CC1(O)CCC2C3CC=C4CC(=O)CCC4(C)C3CCC21C,0.0
Cn1nnc2c(C(N)=O)ncn2c1=O,0.0
Nc1ccn(C2CSC(CO)O2)c(=O)n1,0.0
NS(=O)(=O)c1cc2c(cc1C(F)(F)F)NC(Cc1ccccc1)NS2(=O)=O,0.0
Cn1cc([S+](C)[O-])c(=O)c2ccc(F)cc21,0.0
CS(=O)(=O)CCNCc1ccc(-c2ccc3ncnc(Nc4ccc(OCc5cccc(F)c5)c(Cl)c4)c3c2)o1,0.0
CC(O)C1C(=O)N2C(C(=O)O)=C(SC3CNC(C(=O)N(C)C)C3)C(C)C12,0.0
Cc1cc(C2=C(C=CC3CC(O)CC(=O)O3)C(C)(C)CC(C)(C)C2)ccc1F,0.0
OC(CCN1CCCCC1)(c1ccccc1)C1CCCCC1,0.0
Clc1ccc(C(Cn2ccnc2)OCc2c(Cl)cccc2Cl)c(Cl)c1,0.0
CCOC1OC2OC3(C)CCC4C(C)CCC(C1C)C24OO3,0.0
CNCCCC1c2ccccc2C=Cc2ccccc21,0.0
Cc1oncc1C(=O)Nc1ccc(C(F)(F)F)cc1,0.0
CC(C=Cc1c(C)c(O)c2ccccc2c1O)=CCCC(C)CCCC(C)CCCC(C)C,0.0
CC(C)=CCN1CCC2(C)c3cc(O)ccc3CC1C2C,0.0
CN(C)CCOC(C)(c1ccccc1)c1ccccn1,0.0
OCC1OC(OC2C(CO)OC(O)(CO)C2O)C(O)C(O)C1O,0.0
O=C(NCCNCC(O)COc1ccc(O)cc1)N1CCOCC1,0.0
ClP(c1ccccc1)c1ccccc1,1.0
NCc1ccc2c(c1)OCO2,1.0
O=C(O)CCC(=O)c1ccc(C2CCCCC2)c(Cl)c1,0.0
CC(C)(C)NCC(O)COc1ccccc1C1CCCC1,0.0
CN(C)CCCN1c2ccccc2CCc2ccccc21,0.0
CN(C)c1cccc2c(S(=O)(=O)Cl)cccc12,1.0
C=C(c1ccccc1OCc1cccc(Cl)c1)n1ccnc1,0.0
CN(C)CC(c1ccc(O)cc1)C1(O)CCCCC1,0.0
COc1ccc2c(c1)c(CC(=O)O)c(C)n2C(=O)C=Cc1ccccc1,0.0
O=C(O)c1cc(-c2ccccc2)nc2ccccc12,0.0
NC(Cc1cc(I)c(Oc2ccc(O)c(I)c2)c(I)c1)C(=O)O,0.0
CCCCCCCCN1CCCC1=O,1.0
COC12CCC3(CC1C(C)(O)C(C)(C)C)C1Cc4ccc(O)c5c4C3(CCN1CC1CC1)C2O5,0.0
O=C1CCc2ccc(OCCCCN3CCN(c4cccc(Cl)c4Cl)CC3)cc2N1,0.0
O=C(O)CCNC(=O)c1ccc(N=Nc2ccc(O)c(C(=O)O)c2)cc1,0.0
Nc1ncnc2c1ncn2C1OC(COP(=O)(O)OP(=O)(O)OP(=O)(O)O)C(O)C1O,0.0
COc1ccc(C(=O)Nc2ccccc2CCC2CCCCN2C)cc1,0.0
OC(CCN1CCCCC1)(c1ccccc1)C1CCCC1,0.0
OC1(c2ccc(Cl)cc2)c2ccccc2C2=NCCN21,0.0
C#CC1(OC(=O)CCCCCC)CCC2C3CC=C4CC(=O)CCC4C3CCC21C,0.0
CCCCCCC(=O)OCCN1CCN(CCCN2c3ccccc3Sc3ccc(C(F)(F)F)cc32)CC1,0.0
CC(c1ncncc1F)C(O)(Cn1cncn1)c1ccc(F)cc1F,0.0
O=C1CC2(C(=O)N1)C(=O)N(Cc1ccc(Br)cc1F)C(=O)c1cccn12,0.0
CCN(C(C)=O)c1cccc(-c2ccnc3c(C#N)cnn23)c1,0.0
O=C(CCNNC(=O)c1ccncc1)NCc1ccccc1,0.0
CCC1(c2ccccc2)NC(=O)N(C)C1=O,0.0
CC(CCc1ccccc1)NCC(O)c1ccc(O)c(C(N)=O)c1,0.0
CN=C(C[N+](=O)[O-])NCCSCc1ccc(CN(C)C)o1,0.0
CC1(C)SC2C(NC(=O)COc3ccccc3)C(=O)N2C1C(=O)O,0.0
c1cnc2cc3c(cc2n1)C1CNCC3C1,0.0
CCOC(=O)C1=C(C)N=C(C)C(C(=O)OC)C1c1cccc(Cl)c1Cl,0.0
CCc1cc2c(cc1CC)CC(NCC(O)c1ccc(O)c3[nH]c(=O)ccc13)C2,0.0
Nc1ccc(S(=O)(=O)Nc2ccc(Cl)nn2)cc1,0.0
CCCSc1nc(NC2CC2c2ccc(F)c(F)c2)c2nnn(C3CC(OCCO)C(O)C3O)c2n1,0.0
CNC1CCN(C)CC1,1.0
CC(=O)OCCN1CCN(CCCN2c3ccccc3Sc3ccc(Cl)cc32)CC1,0.0
C1COC(=NC(C2CC2)C2CC2)N1,0.0
CCC1(CCC(C)C)C(=O)NC(=O)NC1=O,0.0
C=CC(O)(CC=CC1C(O)CC(=O)C1CC=CCCCC(=O)OC)CCCC,0.0
C1CCCNCC1,1.0
CC(CC(c1ccccc1)c1ccccc1)NC(C)(C)C,0.0
CC(C)(C)c1ccc(CN2CCN(C(c3ccccc3)c3ccc(Cl)cc3)CC2)cc1,0.0
CC(C(=O)O)c1ccc2c(c1)Cc1cccnc1O2,0.0
Oc1c2c(c(O)n1CC1CCCCC1CN1CCN(c3nsc4ccccc34)CC1)C1CCC2C1,0.0
CC1(C)CC(N)CC(C)(C)N1,1.0
Cc1nccn1CC1CCc2c(c3ccccc3n2C)C1=O,0.0
CC(=O)C1(O)CCC2C3=CC(C)=C4CC(=O)CCC4(C)C3CCC21C,0.0
CCOC(=O)C1Oc2ccc(Cl)cc2C(C)c2cc(Cl)ccc2O1,0.0
Nc1nc(=O)c2c(CCc3ccc(C(=O)NC(CCC(=O)O)C(=O)O)cc3)c[nH]c2[nH]1,0.0
Cc1nc(-c2ccc(OCC(C)C)c(C#N)c2)sc1C(=O)O,0.0
CCC1C2CC3C4N(C)c5ccccc5C45CC(C2C5OC(=O)CCl)N3C1O,0.0
CC1CCCC(C)N1,1.0
COc1ccc(CCN(C)CCCC(C#N)(c2ccc(OC)c(OC)c2)C(C)C)cc1OC,0.0
COc1ccc2c(C(=S)N(C)CC(=O)O)cccc2c1C(F)(F)F,0.0
OC(c1ccccc1)(c1ccccc1)C1CCCCN1,0.0
CN1CCOCC1,1.0
N=C(N)NCCCNC(=O)C1CCCCN1C(=O)C(CC1CCCCC1)NCC(=O)O,0.0
CCCc1c(O)n2c(N(C)C)nc3ccc(C)cc3n2c1=O,0.0
CC(C)COCC(CN(Cc1ccccc1)c1ccccc1)N1CCCC1,0.0
CN(C)CCc1c[nH]c2ccc(CS(=O)(=O)N3CCCC3)cc12,0.0
CC(=O)CCc1c(O)n(-c2ccccc2)n(-c2ccccc2)c1=O,0.0
CC(C)(C)c1cc(C(C)(C)C)c(NC(=O)c2c[nH]c3ccccc3c2=O)cc1O,0.0
CC(C)(C)NC(=O)C1CCC2C3CCC4NC(=O)C=CC4(C)C3CCC12C,0.0
OCCN1CCN(CCCN2c3ccccc3Sc3ccc(C(F)(F)F)cc32)CC1,0.0
CCCN1CCCCC1C(=O)Nc1c(C)cccc1C,0.0
OCCN1CC1,1.0
C=C1c2c(Cl)ccc(O)c2C(=O)C2C(=O)C3(O)C(=O)C(C(N)=O)C(=O)C(N(C)C)C3C(O)C12,0.0
Fc1ccc(C(Cl)c2ccc(F)cc2)cc1,1.0
O=C(O)C1(C(=O)O)CC1,1.0
CC(C)(C)C(O)C=Cc1ccc2c(c1)OCO2,0.0
COc1cccc(C(=O)CCNC(C)C(O)c2ccccc2)c1,0.0
CCC(CCC(C)C1CCC2C3CC=C4CC(O)CCC4(C)C3CCC12C)C(C)C,0.0
COCCOC(=O)C1=C(C)N=C(C)C(C(=O)OC(C)C)C1c1cccc([N+](=O)[O-])c1,0.0
CCC1(C2=CCCCCC2)C(=O)NC(=O)NC1=O,0.0
O=P1(NCCCl)OCCCN1CCCl,0.0
CC(C)=CCc1c(O)n(-c2ccccc2)n(-c2ccccc2)c1=O,0.0
O=C(c1ccccc1)C(Cl)c1ccccc1,1.0
CCC(=O)C(CC(C)N(C)C)(c1ccccc1)c1ccccc1,0.0
CN1CCCCC1CCN1c2ccccc2Sc2ccc([S+](C)[O-])cc21,0.0
CC(C)N1CCC(N(C(=O)Cc2ccccc2)c2ccc(Cl)cc2)CC1,0.0
Cc1nnc(NS(=O)(=O)c2ccc(N)cc2)s1,0.0
O=C(Cn1ccnc1[N+](=O)[O-])NCc1ccccc1,0.0
Nc1nc(=S)c2[nH]cnc2[nH]1,0.0
CC(Cc1ccccc1)(NC(=O)CN)c1ccccc1,0.0
CC1CC2C3CC=C4CC(=O)C=CC4(C)C3=CCC2(C)C1C(=O)CN1CCN(c2cc(N3CCCC3)nc(N3CCCC3)n2)CC1,0.0
O=C1CCC(N2C(=O)c3ccccc3C2=O)C(=O)N1,0.0
CN1c2c([nH]c(N)nc2=O)NCC1CNc1ccc(C(=O)NC(CCC(=O)O)C(=O)O)cc1,0.0
CN=C1C[N+]([O-])=C(c2ccccc2)c2cc(Cl)ccc2N1,0.0
CCN1C2CCC1CC(OC(c1ccccc1)c1ccccc1)C2,0.0
CC(C)(C)NC(=O)C1CC2CCCCC2CN1CC(O)C(Cc1ccccc1)NC(=O)C(CC(N)=O)NC(=O)c1ccc2ccccc2n1,0.0
CN1CCN(C=C2N=C3CN=C(c4ccccc4Cl)c4cc([N+](=O)[O-])ccc4N3C2=O)CC1,0.0
CCC1(c2cccc(O)c2)CCCCN(C)C1,0.0
O=C(O)C1(C(=O)O)CCC1,1.0
CN=C(NC#N)NCCSCc1[nH]cnc1C,0.0
CC(Cc1ccccc1)NCCC(c1ccccc1)c1ccccc1,0.0
CC(C)N(CCC(C(N)=O)(c1ccccc1)c1ccccn1)C(C)C,0.0
COc1cc(NCc2ccc3nc(N)nc(N)c3c2C)cc(OC)c1OC,0.0
O=c1n(CCCN2CCN(c3cccc(Cl)c3)CC2)nc2ccccn12,0.0
Cc1ccnc(NS(=O)(=O)c2ccc(N)cc2)n1,0.0
NC1CCN(c2nc3c(cc2F)c(=O)c(C(=O)O)cn3-c2ccc(F)cc2F)C1,0.0
CCCCC(C)(C)C(O)C=CC1C(C)CC(=O)C1CC=CCCCC(=O)O,0.0
C[Si](Cl)(Cl)C1CCCCC1,1.0
NCC1(CC(=O)O)CCCCC1,0.0
CNC1C(OC2C(OC3C(O)C(O)C(N=C(N)N)C(O)C3N=C(N)N)OC(C)C2(O)C=O)OC(CO)C(O)C1O,0.0
CN(C)C1C(=O)C(C(=O)NCN2CCCC2)C(=O)C2(O)C(=O)C3C(=O)c4c(O)cccc4C(C)(O)C3CC12,0.0
CC(CN(C)C)CN1c2ccccc2CCc2ccccc21,0.0
CCC1(O)CC2CN(CCc3c([nH]c4ccccc34)C(C(=O)OC)(c3cc4c(cc3OC)N(C)C3C(O)(C(N)=O)C(O)C5(CC)C=CCN6CCC43C65)C2)C1,0.0
CCCCC(C)(O)CC=CC1C(O)CC(=O)C1CCCCCCCO,0.0
NC1CCC(CC2CCC(N)CC2)CC1,1.0
CCCCOCCOCCOCc1cc2c(cc1CCC)OCO2,0.0
C=CCC1(C(C)CC)C(=O)NC(=O)NC1=O,0.0
CCCCC(O)C=C(C)C=CC=CC(=O)N1CCCC1=O,0.0
O=C(O)C1CCC1,1.0
CC1=C(C(=O)O)N2C(=O)C(NC(=O)C(N)c3ccc(O)cc3)C2SC1,0.0
COc1ccc2c3c1OC1C(O)C=CC4C(C2)N(C)CCC341,0.0
CCn1nc(C(=O)O)c(=O)c2cc3c(cc21)OCO3,0.0
CC1CCCC(N)C1,1.0
CC(C)(C)c1ccc(C(=O)CCCN2CCC(OC(c3ccccc3)c3ccccc3)CC2)cc1,0.0
Oc1ccc(O)n1Br,1.0
O=C1O[I+3]([O-])([O-])c2ccccc21,1.0
Nc1ccc(S(=O)(=O)c2ccc(N)cc2)cc1,0.0
COc1cnc(NS(=O)(=O)c2ccc(N)cc2)nc1,0.0
CCCCC(C)CC(O)C=CC1C(O)CC(=O)C1CCCCC=CC(=O)O,0.0
CC(C)(C)C(=O)CCc1c(O)n(-c2ccccc2)n(-c2ccccc2)c1=O,0.0
O=C(CBr)c1ccc(-c2ccccc2)cc1,1.0
N#CC(=C1SCC(c2ccccc2Cl)S1)n1ccnc1,0.0
O=c1[nH]cnc2[nH]ncc12,0.0
CC(C)OC1(OC(C)C)CCCCC1,1.0
CCS(=O)(=O)CCn1c([N+](=O)[O-])cnc1C,0.0
CC(CCc1ccc(O)cc1)NCCc1ccc(O)c(O)c1,0.0
CC1=C(CC(=O)O)c2cc(F)ccc2C1=Cc1ccc([S+](C)[O-])cc1,0.0
Cc1ccc(=O)n(-c2ccccc2)c1,0.0
Oc1oc(O)c2c1CC=CC2,1.0
CC(Cc1ccc2c(c1)OCO2)NCC(O)c1ccc(O)c(O)c1,0.0
CN1CCCC1,1.0
COc1ccc(C(Cl)=C(c2ccc(OC)cc2)c2ccc(OC)cc2)cc1,0.0
COC(=O)C1C(c2ccc([123I])cc2)CC2CCC1N2CCCF,0.0
CCCCCC(O)C=CC1C(O)CC(=O)C1CC=CCCCC(=O)O,0.0
Cc1ccc(-n2[nH]c(C)c(N=Nc3cccc(-c4cccc(C(=O)O)c4)c3O)c2=O)cc1C,0.0
CCOC(=O)C(CCc1ccccc1)NC1CCCN2CCCC(C(=O)O)N2C1=O,0.0
NS(=O)(=O)c1cc2c(cc1Cl)NC(CC1CCCC1)NS2(=O)=O,0.0
CN1c2c(oc(=O)n(-c3ccccn3)c2=O)-c2ccccc2S1(=O)=O,0.0
CC(C)c1nc(CN(C)C(=O)NC(C(=O)NC(Cc2ccccc2)CC(O)C(Cc2ccccc2)NC(=O)OCc2cncs2)C(C)C)cs1,0.0
CN(C)CCC(c1ccc(Br)cc1)c1ccccn1,0.0
Cc1nnc(SCC2=C(C(=O)O)N3C(=O)C(NC(=O)Cn4cnnn4)C3SC2)s1,0.0
CCCNC1CCc2nc(N)sc2C1,0.0
Nc1nc2ccc(OC(F)(F)F)cc2s1,0.0
CC1CC2C3CC=C4CC(=O)C=CC4(C)C3(F)C(O)CC2(C)C1C(=O)CO,0.0
N=C(N)c1ccc(OCCCCCOc2ccc(C(=N)N)cc2)cc1,0.0
C(=Cc1ccccc1)CN1CCN(C(c2ccccc2)c2ccccc2)CC1,0.0
CCCCc1oc2ccc(NS(C)(=O)=O)cc2c1C(=O)c1ccc(OCCCN(CCCC)CCCC)cc1,0.0
O=C(n1ccnc1)n1ccnc1,1.0
C#CC1(O)CCC2C3CCc4cc(OC5CCCC5)ccc4C3CCC21C,0.0
O=C(O)c1cc(-c2ccc(F)cc2F)ccc1O,0.0
CCn1cc(C(=O)O)c(=O)c2cc(F)c(N3CCNCC3)cc21,0.0
O=C1NCCN1CCN1CCC(c2cn(-c3ccc(F)cc3)c3ccc(Cl)cc23)CC1,0.0
C1CCNC1,1.0
CCC1(O)CCC2C3CCC4=CCCCC4C3CCC21C,0.0
NC1CCCC(N)C1,1.0
O=C(O)C1CC1,1.0
NC(=O)NN=Cc1ccc([N+](=O)[O-])o1,0.0
CC#CCn1c(N2CCCC(N)C2)nc2c1c(=O)n(Cc1nc(C)c3ccccc3n1)c(=O)n2C,0.0
Nc1ccc(N=Nc2ccccc2)c(N)n1,0.0
OC(CCCN1CCCCC1)(c1ccccc1)c1ccccc1,0.0
CN1CCC(OC(c2ccccc2)c2ccccc2)CC1,0.0
CCCCC(C(=O)O)C(=O)N(Nc1ccccc1)c1ccccc1,0.0
CCC(=O)NS(=O)(=O)c1ccc(-c2c(-c3ccccc3)noc2C)cc1,0.0
O=C(O)Cc1ccsc1,1.0
NCC1CCNCC1,1.0
OCC(CO)NC1CC(O)(CO)C(O)C(O)C1O,0.0
COCCOc1cnc(NS(=O)(=O)c2ccccc2)nc1,0.0
O=NN(CCCl)C(=O)NC1CCCCC1,0.0
CN1CCC(=C2c3ccccc3C=Cc3ccccc32)CC1,0.0
NS(=O)(=O)c1cc2c(cc1Cl)NC(Cc1ccc(F)cc1)NS2(=O)=O,0.0
O=C(O)c1cc2ccccc2c(Cc2c(O)c(C(=O)OCCOCCN3CCN(C(c4ccccc4)c4ccc(Cl)cc4)CC3)cc3ccccc23)c1O,0.0
O=[N+]([O-])OC1COC2C(O[N+](=O)[O-])COC12,0.0
COC(=O)C1C=C2CC(=O)CCC2(C)C23OC2CC2(C)C(CCC24CCC(=O)O4)C13,0.0
CN1CCc2cccc3c2C1Cc1ccc(O)c(O)c1-3,0.0
CCOc1ccccc1OCCNC(C)Cc1ccc(OC)c(S(N)(=O)=O)c1,0.0
CC1(C)CC(N)CC(C)(CN)C1,1.0
Cc1ccsc1C(=CCCN1CCCC(C(=O)O)C1)c1sccc1C,0.0
CS(=O)(=O)c1cc(F)cc2c3c(n(Cc4ccc(Cl)cc4)c12)C(CC(=O)O)CC3,0.0
CN(CCOc1ccc(NS(C)(=O)=O)cc1)CCc1ccc(NS(C)(=O)=O)cc1,0.0
CCN(CC)CCOC(=O)C(O)(c1ccccc1)c1ccccc1,0.0
O=C(OCC(O)CO)c1ccccc1Nc1ccnc2cc(Cl)ccc12,0.0
CC(Cn1cnc2c(N)ncnc21)OCP(=O)(O)O,0.0
CCC1(CC)C(=O)NC(=O)N(C)C1=O,0.0
CCC(=O)N(c1ccccc1)C1(C(=O)OC)CCN(CCC(=O)OC)CC1,0.0
BrC(c1ccccc1)(c1ccccc1)c1ccccc1,1.0
COC(=O)Nc1nc2cc(C(=O)c3ccc(F)cc3)ccc2[nH]1,0.0
COC(=O)C(c1ccccc1Cl)N1CCc2sccc2C1,0.0
CC(C)(Oc1ccc(C(O)c2ccc(Cl)cc2)cc1)C(=O)O,0.0
Nc1nc(N)c2nc(-c3ccccc3)c(N)nc2n1,0.0
Clc1ccc(C(Cl)c2ccccc2)cc1,1.0
CCC1(C)OC(=O)N(C)C1=O,0.0
CC(CC1c2ccccc2CCc2ccccc21)CN(C)C,0.0
CCn1cc(C(=O)O)c(=O)c2cc(F)c(N3CCN(C)CC3)cc21,0.0
CCOC(=O)CNC(C(=O)N1CCC1C(=O)NCc1ccc(C(N)=NO)cc1)C1CCCCC1,0.0
CC1NCc2cc(-c3ccc4c(=O)c(C(=O)O)cn(C5CC5)c4c3OC(F)F)ccc21,0.0
CN=C(C[N+](=O)[O-])NCCSCc1csc(CN(C)C)n1,0.0
C=C1C(=CC=C2CCCC3(C)C2CCC3C(C)C=CC(C)C(C)C)CC(O)CC1O,0.0
CCC(C)(C)C(=O)OC1CC(C)C=C2C=CC(C)C(CCC3CC(O)CC(=O)O3)C21,0.0
CC(=O)OCC(=O)C12OC3(CCCC3)OC1CC1C3CC=C4CC(=O)C=CC4(C)C3(F)C(O)CC12C,0.0
CCC(=O)NCCC1CCc2ccc3c(c21)CCO3,0.0
CNCCCN1c2ccccc2CCc2ccccc21,0.0
Nc1ncnc2c1ncn2C1OC(COP(=O)(O)O)C(O)C1O,0.0
CC(C)(Oc1ccc(C(=O)c2ccc(Cl)cc2)cc1)C(=O)O,0.0
CN1CCCC1Cc1c[nH]c2ccc(CCS(=O)(=O)c3ccccc3)cc12,0.0
CCOc1ccc2nc(S(N)(=O)=O)sc2c1,0.0
CS(=O)(=O)Nc1cc2c(cc1Oc1ccc(F)cc1F)C(=O)CC2,0.0
CN(C)CCC(O)(c1ccccc1)c1ccccc1Cl,0.0
CN(C)CCOc1ccc(C(=C(CCCl)c2ccccc2)c2ccccc2)cc1,0.0
COc1ccc2c(c1)C13CCCCC1C(C2)N(C)CC3,0.0
O=C(O)Cc1nn(Cc2ccc(Br)cc2F)c(=O)c2ccccc12,0.0
CCCN1CC(NS(=O)(=O)N(CC)CC)CC2Cc3c(O)cccc3CC21,0.0
O=C(C1CCCCC1)N1CC(=O)N2CCc3ccccc3C2C1,0.0
Nc1nc(Cl)nc2c1ncn2C1OC(CO)C(O)C1F,0.0
CCc1c(C)[nH]c2c1C(=O)C(CN1CCOCC1)CC2,0.0
CN(C)CCOC(C)(c1ccccc1)c1ccc(Cl)cc1,0.0
CCCCC(C)CC(O)C=CC1C(O)CC(=O)C1CC(=O)CCCCC(=O)OC,0.0
CCCCCN=C(N)NN=Cc1c[nH]c2ccc(OC)cc12,0.0
CC(=O)Oc1ccc2c(c1)CCC1C2CCC2(C)C(O)CCC12,0.0
CCCCCC(O)C=CC1C(O)CC(=O)C1CCCCCCC(=O)O,0.0
CCOC(=O)C(C)(CC)Oc1ccc(Cc2ccc(Cl)cc2)cc1,0.0
NC1CCCCC1N,1.0
CC1CC2C3CC=C4CC(=O)C=CC4(C)C3(F)C(O)CC2(C)C1(O)C(=O)CO,0.0
CC(C)(OCc1ccc(-c2ccc(Cl)cc2)cc1)C(=O)O,0.0
COc1ccc2c3c1OC1C(O)CCC4C(C2)N(C)CCC341,0.0
Nc1nc(C(CCC(=O)O)C(=O)N=C2C(=O)N3C(C(=O)O)=CCSC23)cs1,0.0
CC(C1=C(CCN(C)C)Cc2ccccc21)c1ccccn1,0.0
CC1(C)C2CCC1(CS(=O)(=O)O)C(=O)C2=Cc1ccc(C=C2C(=O)C3(CS(=O)(=O)O)CCC2C3(C)C)cc1,0.0
C=CCC1(C(C)C#CCC)C(=O)NC(=O)N(C)C1=O,0.0
CN(C)CCCN1c2ccccc2Sc2ccc(Cl)cc21,0.0
O=c1[nH]c2cc(Cl)ccc2o1,0.0
Oc1ccc2c(c1)C13CCCCC1(O)C(C2)N(CC1CCC1)CC3,0.0
CN1C2CCC1CC(OC(=O)C(O)c1ccccc1)C2,0.0
CCCCc1oc2ccccc2c1C(=O)c1cc(I)c(OCCN(CC)CC)c(I)c1,0.0
NC12CC3CC(CC(C3)C1)C2,0.0
OCC1OC(OC2(CO)OC(CO)C(O)C2O)C(O)C(O)C1O,0.0
COc1ccc2c3c1OC1C(=O)CCC4C(C2)N(C)CCC314,0.0
CC(C)NCC(O)COc1cccc2ccccc12,0.0
CN(C)CCOC(c1ccc(Cl)cc1)c1ccccn1,0.0
CN(C)CCCN1c2ccccc2CCc2ccc(Cl)cc21,0.0
CC1(C)OC2CC3C4CC=C5CC(=O)C=CC5(C)C4C(O)CC3(C)C2(C(=O)CO)O1,0.0
COc1ccccc1Oc1c(NS(=O)(=O)c2ccc(C(C)(C)C)cc2)nc(-c2ncccn2)nc1OCCO,0.0
CCC(C)n1ncn(-c2ccc(N3CCN(c4ccc(OCC5COC(Cn6cncn6)(c6ccc(Cl)cc6Cl)O5)cc4)CC3)cc2)c1=O,0.0
NC(=O)c1cnccn1,0.0
O=S(=O)(Cl)c1cccc2ccccc12,1.0
Fc1ccc(C2CCNCC2COc2ccc3c(c2)OCO3)cc1,0.0
Cc1cc(=O)[nH]c(=S)[nH]1,0.0
Clc1ccc(COC(Cn2ccnc2)c2ccc(Cl)cc2Cl)cc1,0.0
CNC(C)CC1CCCCC1,0.0
CNC1CCC(c2ccc(Cl)c(Cl)c2)c2ccccc21,0.0
COC(=O)C1=C(C)N=C(C)C(C(=O)OC2CCN(Cc3ccccc3)C2)C1c1cccc([N+](=O)[O-])c1,0.0
COc1cccc(C2(O)CCCCC2CN(C)C)c1,0.0
CN(C)CCCN1c2ccccc2Sc2ccccc21,0.0
O=C1c2ccccc2C(=O)C1c1ccc(F)cc1,0.0
Cc1cc(=NC(=NC2CCCCC2)Nc2nccs2)c2ccccc2[nH]1,0.0
CC1(C(=O)O)CCC2(C)CCC3(C)C(=C2C1)CC(=O)C1C2(C)CCC(OC(=O)CCC(=O)O)C(C)(C)C2CCC13C,0.0
CCC(C(N)=O)N1CCCC1=O,0.0
Cc1ccnc2c1NC(=O)c1cccnc1N2C1CC1,0.0
CN(CCCN1c2ccccc2CCc2ccccc21)CC(=O)c1ccc(Cl)cc1,0.0
CCCCCC(=O)OC1(C(C)=O)CCC2C3CC=C4CC(=O)CCC4(C)C3CCC21C,0.0
NC1CCC(N)CC1,1.0
Cc1[nH]c(=O)c(C#N)cc1-c1ccncc1,0.0
CCOC(=O)C(CCc1ccccc1)NC(C)C(=O)N1Cc2cc(OC)c(OC)cc2CC1C(=O)O,0.0
CCc1nn(CCCN2CCN(c3cccc(Cl)c3)CC2)c(=O)n1CCOc1ccccc1,0.0
c1cc(CN2CCCNCCNCCCNCC2)ccc1CN1CCCNCCNCCCNCC1,0.0
CN1C(=O)CC(C)(c2ccccc2)C1=O,0.0
Oc1ccc(CCNCCCCCCNCCc2ccccc2)cc1O,0.0
CCn1cc(C(=O)O)c(=O)c2cc(F)c(N3CCNCC3)nc21,0.0
CN1CCCN=C1COC(=O)C(O)(c1ccccc1)C1CCCCC1,0.0
O=C1C(CCC(O)c2ccc(F)cc2)C(c2ccc(O)cc2)N1c1ccc(F)cc1,0.0
Cn1c(O)cc(-c2ccccc2)c1O,0.0
O=C1c2ccccc2C(=O)C1c1ccccc1,0.0
CCOC(=O)c1ncn2c1CN(C)C(=O)c1cc(F)ccc1-2,0.0
O=C(O)Cc1ccccc1Oc1ccc(Cl)cc1Cl,0.0
CSc1ccc(C(=O)c2[nH]c(=O)[nH]c2C)cc1,0.0
CON=C(C(=O)NC1C(=O)N2C(C(=O)O)=CCSC12)c1csc(N)n1,0.0
COc1c2occc2cc2ccc(=O)oc12,0.0
Cc1ccc(C(=CCN2CCCC2)c2ccccn2)cc1,0.0
COc1ccc2c(c1)N(CC(C)CN(C)C)c1ccccc1S2,0.0
NC(=O)N1c2ccccc2CC(=O)c2ccccc21,0.0
COC(=O)C1=C(C)N=C(C)C(C(=O)OC)C1c1ccccc1[N+](=O)[O-],0.0
COc1ccc(Cl)cc1C(=O)NCCc1ccc(S(=O)(=O)NC(=O)NC2CCCCC2)cc1,0.0
C=CCN1CC(C(=O)N(CCCN(C)C)C(=O)NCC)CC2c3cccc4[nH]cc(c34)CC21,0.0
CC1OC(OC2C=C3CCC4C(CCC5(C)C(c6ccc(=O)oc6)CCC45O)C3(C)CC2)C(O)C(O)C1O,0.0
COc1ccc2c(c1OC)C(=O)OC2C1c2c(cc3c(c2OC)OCO3)CCN1C,0.0
CN1CCC2=C(C1)C(c1ccccc1)c1ccccc12,0.0
Oc1ccc(C2CNCCc3c2cc(O)c(O)c3Cl)cc1,0.0
CCC(C)(C)C(=O)OC1CC(C)C=C2C=CC(C)C(CCC(O)CC(O)CC(=O)O)C21,0.0
Nc1nc(F)nc2c1ncn2C1OC(CO)C(O)C1O,0.0
O=C1CN=C(c2ccccc2)c2cc(Cl)ccc2N1CC1CC1,0.0
CC(=Cc1csc(C)n1)C1CC2OC2(C)CCCC(C)C(O)C(C)C(=O)C(C)(C)C(O)CC(=O)N1,0.0
CN(C)CCOC(c1ccccc1)c1ccc(Br)cc1,0.0
O=C1CC2(C(=O)N1)C(=O)N(Cc1ccc(Br)cc1F)C(=O)c1ccc(F)cc12,0.0
CCN1CC(CCN2CCOCC2)C(c2ccccc2)(c2ccccc2)C1=O,0.0
O=C(OCC(O)CO)c1ccccc1Nc1ccnc2c(C(F)(F)F)cccc12,0.0
OCCC1CCCCN1,1.0
C1CCc2nnnn2CC1,0.0
COC1(NC(=O)C(C(=O)O)c2ccc(O)cc2)C(=O)N2C(C(=O)O)=C(CSc3nnnn3C)COC21,0.0
NC(=O)CN1CCCC1=O,0.0
Cc1ncc([N+](=O)[O-])n1CCO,0.0
NS(=O)(=O)c1ccc(N2CCCCS2(=O)=O)cc1,0.0
Cc1cccc(C)c1NC(=O)c1cc(S(N)(=O)=O)c(Cl)cc1O,0.0
CC12CCC3c4ccc(O)cc4CC(CCCCCCCCC[S+]([O-])CCCC(F)(F)C(F)(F)F)C3C1CCC2O,0.0
O=C1CC2(CCCC2)CC(=O)N1CCCCN1CCN(c2ncccn2)CC1,0.0
CCN(CC)CCCN(c1ccccc1)C1Cc2ccccc2C1,0.0
CCC(=O)OCC(=O)C1(OC(=O)CC)C(C)CC2C3CC=C4CC(=O)C=CC4(C)C3(F)C(O)CC21C,0.0
CCN(CC)CCOC(=O)C(Cc1cccc2ccccc12)CC1CCCO1,0.0
Cc1ccc(C(=O)c2cc(O)c(O)c([N+](=O)[O-])c2)cc1,0.0
Cc1nc(Nc2ncc(C(=O)Nc3c(C)cccc3Cl)s2)cc(N2CCN(CCO)CC2)n1,0.0
Nc1ccc(S(=O)(=O)Nc2nccs2)cc1,0.0
C1CCC2CCCCC2C1,1.0
CCCCC(F)(F)C1(O)CCC2C(CC(=O)C2CCCCCCC(=O)O)O1,0.0
CC(=O)C1(O)CCC2C3=CC(Cl)=C4CC(=O)C5CC5C4(C)C3CCC21C,0.0
CC1C(c2ccccc2)OCCN1C,0.0
O=C1Nc2ccccc2C1(c1ccc(O)cc1)c1ccc(O)cc1,0.0
CC12CCC(=O)C=C1CCC1C2CCC2(C)C(O)CCC12,0.0
OCCN1CCN(CCCN2c3ccccc3Sc3ccc(Cl)cc32)CC1,0.0
CCN(CC)CCOC(=O)C(c1ccccc1)c1ccccc1,0.0
CCOc1nc2cccc(C(=O)OCc3oc(=O)oc3C)c2n1Cc1ccc(-c2ccccc2-c2nc(=O)o[nH]2)cc1,0.0
CCCCOc1ccc(C(=O)CCN2CCCCC2)cc1,0.0
CN(C)CCCN1c2ccccc2C(C)(C)c2ccccc21,0.0
Cc1ccccc1N1C(=O)c2cc(S(N)(=O)=O)c(Cl)cc2NC1C,0.0
O=S(=O)(Cl)c1cccs1,1.0
CCCOC(C(=O)OC1CCN(C)CC1)(c1ccccc1)c1ccccc1,0.0
NC(C(=O)NC1C(=O)N2C(C(=O)O)=C(Cl)CSC12)c1ccccc1,0.0
CC1COC2(c3ccccc3Cl)c3cc(Cl)ccc3NC(=O)CN12,0.0
CC(C)CN(CC(O)C(Cc1ccccc1)NC(=O)OC1COC2OCCC12)S(=O)(=O)c1ccc(N)cc1,0.0
C=c1c(N)c(O)c2c(c1O)N1CC3NC3C1(OC)C=2COC(N)=O,0.0
CN1CCC23c4c5ccc(O)c4OC2C(=O)CCC3C1C5,0.0
CN(C)CCCn1c2c(c3ccccc31)CCCCCC2,0.0
Cc1ccc(C(=O)c2ccc(CC(=O)O)n2C)cc1,0.0
CCN(CC)C(=O)C1CN2CCc3cc(OC)c(OC)cc3C2CC1OC(C)=O,0.0
CC12CCC3C(CCC45OC4C(=O)C(C#N)CC35C)C1CCC2O,0.0
CCOC(=O)OC1(C(=O)COC(=O)CC)CCC2C3CC=C4CC(=O)C=CC4(C)C3C(O)CC21C,0.0
CCN(CC)C(=O)C1(c2ccccc2)CC1CN,0.0
CN1C(CC(=O)c2ccccc2)CCCC1CC(O)c1ccccc1,0.0
Cc1ncc(CNC(=O)N(CCCl)N=O)c(N)n1,0.0
CC12CCC(=O)C=C1CCC1C2CCC2(C)C1CCC2(C)O,0.0
CON=C(C(=O)NC1C(=O)N2C(C(=O)OCOC(=O)C(C)(C)C)=C(C=Cc3scnc3C)CSC12)c1csc(N)n1,0.0
CC(=O)N1CCN(C2CCN(C(=O)N(C)C(C)c3cc(C(F)(F)F)cc(C(F)(F)F)c3)C(c3ccc(F)cc3C)C2)CC1,0.0
CCN1CCCCC1,1.0
Cc1ccccc1C(=O)Nc1ccc(C(=O)N2CCCC(O)c3cc(Cl)ccc32)c(C)c1,0.0
CCCCOc1ccc(OCCCN2CCOCC2)cc1,0.0
Cc1cc(C)nc(NS(=O)(=O)c2ccc(N)cc2)n1,0.0
CC1OC2(CS1)CN1CCC2CC1,0.0
Cc1cc2c(cc1S(N)(=O)=O)S(=O)(=O)CCC2,0.0
COC(=O)C1=C(C)N=C(C)C(C(=O)OC(C)(C)CN(C)CCC(c2ccccc2)c2ccccc2)C1c1cccc([N+](=O)[O-])c1,0.0
CS(=O)(=O)Nc1ccc([N+](=O)[O-])cc1Oc1ccccc1,0.0
CN1C2CCCC1CC(NC(=O)c1nn(C)c3ccccc13)C2,0.0
CN(C)CCN(Cc1ccccc1)c1ccccn1,0.0
C#CC1(O)CCC2C3CC=C4CC(=O)CCC4C3C(=C)CC21CC,0.0
O=C(O)c1cc(N=Nc2ccc(O)c(C(=O)O)c2)ccc1O,0.0
CC(=O)C1CCC2C3=CC=C4CC(=O)CCC4(C)C3CCC12C,0.0
CC1(C)NC(=O)N(c2ccc([N+](=O)[O-])c(C(F)(F)F)c2)C1=O,0.0
CN1CCCN=C1C=Cc1cccs1,0.0
CC(CN1c2ccccc2Sc2cccnc21)N(C)C,0.0
CCCC(C)C1(CC)C(=O)NC(=O)NC1=O,0.0
CCC(=O)Oc1ccc2c(c1)CCC1C2CCC2(C)C(OC(=O)CC)CCC12,0.0
CCC(=O)N(c1ccccc1)C1CCN(CCc2ccccc2)CC1,0.0
CN1C(C(=O)Nc2ccccn2)C(=O)c2sc(Cl)cc2S1(=O)=O,0.0
COC1C(O)CC(OC2C(O)CC(OC3C(O)CC(OC4CCC5(C)C(CCC6C5CC(O)C5(C)C(C7=CC(=O)OC7)CCC65O)C4)OC3C)OC2C)OC1C,0.0
CC1(C)CC(N=C=O)CC(C)(CN=C=O)C1,1.0
CCC#CCC(C)C(O)C#CC1C(O)CC2CC(=CCOCC(=O)O)CC21,0.0
COc1ccc(-c2ccc3cc(C(=O)O)ccc3c2)cc1C12CC3CC(CC(C3)C1)C2,0.0
Nc1cc(-c2ccncc2)c[nH]c1=O,0.0
N#CC1CC2CC2N1C(=O)C(N)C12CC3CC(CC(O)(C3)C1)C2,0.0
CCc1ccc(CCOc2ccc(Cc3sc(=O)[nH]c3O)cc2)nc1,0.0
Cc1ncc(CSSCc2cnc(C)c(O)c2CO)c(CO)c1O,0.0
CN(C)CCC=C1c2ccccc2C=Cc2ccccc21,0.0
CC12CCCCCC(Cc3ccc(O)cc31)C2N,0.0
CC(C)CN(CC(O)C(Cc1ccccc1)NC(=O)OC1CCOC1)S(=O)(=O)c1ccc(N)cc1,0.0
CCN1CCCC1CN,1.0
CC1(C)SC(C(NC(=O)Cc2ccccc2)C(=O)NCCCCCC(=O)O)NC1C(=O)O,0.0
NCCCN1CCOCC1,1.0
CN1CCN(C(c2ccccc2)c2ccccc2)CC1,0.0
CCOC(=O)CC(O)CC(O)C=CC1=C(c2ccc(F)cc2)c2ccccc2OC12CCCC2,0.0
CCC(C)C1(CC)C(=O)NC(=O)NC1=O,0.0
N#CCC(C1CCCC1)n1cc(-c2ncnc3[nH]ccc23)cn1,0.0
COc1cc2c(cc1Cc1cccc(Cl)c1F)c(=O)c(C(=O)O)cn2C(CO)C(C)C,0.0
CCOC(=O)C(CCc1ccccc1)NC(C)C(=O)N1C(=O)N(C)CC1C(=O)O,0.0
COc1c(C)c2c(c(O)c1CC=C(C)CCC(=O)OCCN1CCOCC1)C(=O)OC2,0.0
Clc1ccc(COC(Cn2ccnc2)c2ccc(Cl)cc2Cl)c(Cl)c1,0.0
CC(C)(Oc1ccc(Cl)cc1)C(=O)OCc1cccnc1,0.0
CC(C)=c1nc(-c2ccccc2)cc(-c2ccc(F)cc2)c1=CCC1CC(O)CC(=O)O1,0.0
Nc1nc(N)c(-c2ccccc2)s1,0.0
CCCCCC(O)C=CC1C(O)CC2(C)CC(=CCCCC(=O)O)CC12,0.0
C#CC1(O)CCC2C3CCC4=CCCCC4C3C(=C)CC21CC,0.0
NC1CC1,1.0
Cc1cccc(CN2CCN(C(c3ccccc3)c3ccc(Cl)cc3)CC2)c1,0.0
O=C(NCC1CN(c2ccc(N3CCOCC3=O)cc2)C(=O)O1)c1ccc(Cl)s1,0.0
C#CC1(OC(C)=O)CCC2C3CCC4=CC(OC(C)=O)CCC4C3CCC21C,0.0
CCCCC(=O)OC1(C(=O)CO)CCC2C3CC=C4CC(=O)CCC4(C)C3C(O)CC21C,0.0
NN1CCOCC1,1.0
COC(=O)CCCC=CCC1C(O)CC(O)C1C#CC(O)CCC1CCCCC1,0.0
O=C(O)C1CCCO1,1.0
CC(C)(Oc1ccc(Cl)cc1)C(=O)OCc1cccc(CO)n1,0.0
CCC1=C(C)CN(C(=O)NCCc2ccc(S(=O)(=O)NC(=O)NC3CCC(C)CC3)cc2)C1=O,0.0
COc1ccc(CN(CCN(C)C)c2ccccn2)cc1,0.0
CC12CCC3C4=C(CCC3C1CCC2O)CC(=O)CC4,0.0
CC12C=CC(=O)C=C1CCC1C2C(=O)CC2(C)C1CCC2(O)C(=O)CO,0.0
CCC(C)C(=O)OC1CC(O)C=C2C=CC(C)C(CCC(O)CC(O)CC(=O)O)C21,0.0
Cc1nnc2n1-c1sc(Br)cc1C(c1ccccc1Cl)=NC2,0.0
O=C(O)c1cc(N=Nc2ccc(S(=O)(=O)Nc3ccccn3)cc2)ccc1O,0.0
CN1CCCC(CN2c3ccccc3Sc3ccccc32)C1,0.0
Nc1nc(=O)c2ncn(CCC(CO)CO)c2[nH]1,0.0
CCN(CC)CCSC(=O)C(c1ccccc1)c1ccccc1,0.0
CCCCC(C)(O)CC=CC1C(O)CC(=O)C1CCC=CCCC(=O)OC,0.0
CC(=O)OC1(C(C)=O)CCC2C3=CC(C)=C4CC(=O)CCC4C3CCC21C,0.0
CCCCCCCCCCCC(CC1OC(=O)C1CCCCCC)OC(=O)C(CC(C)C)NC=O,0.0
CS(=O)(=O)NC(=O)CCCC=CCC1C(=O)CC(O)C1C=CC(O)COc1ccccc1,0.0
ClC(c1ccccc1)(c1ccccc1)c1ccccc1,1.0
NC(=O)c1cn(Cc2c(F)cccc2F)nn1,0.0
CCOc1ccc2c(c1)C1(CCC(OCCN3CCOCC3)CC1)C(=O)N2S(=O)(=O)c1ccc(C(=O)NC(C)(C)C)cc1OC,0.0
O=C1OC(c2ccc(O)cc2)(c2ccc(O)cc2)c2ccccc21,0.0
CC(=O)CC(c1ccccc1)c1c(O)c2ccccc2oc1=O,0.0
NC1CN(c2c(F)cc3c(=O)c(C(=O)O)cn(C4CC4F)c3c2Cl)CC12CC2,0.0
CC(c1ccccc1)C1Nc2cc(Cl)c(S(N)(=O)=O)cc2S(=O)(=O)N1,0.0
CCN1CCCC1,1.0
CC1CCCCN1CCCOC(=O)c1ccc(OC2CCCCC2)cc1,0.0
C=C(C(=O)O)C1CCC(C)C2CCC(C)=CC12,0.0
CCN(CC)C(C)CN1c2ccccc2Sc2ccccc21,0.0
OCCOCCN1CCN(C2=Nc3ccccc3Sc3ccccc32)CC1,0.0
CCCC(Cc1ccccc1)N1CCCC1,0.0
Nc1nc(CC(=O)Nc2ccc(CCNCC(O)c3ccccc3)cc2)cs1,0.0
NC1CCC1,1.0
COC1(NC(O)=c2sc(=C(C(N)=O)C(=O)O)s2)C(=O)N2C(C(=O)O)=C(CSc3nnnn3C)CSC21,0.0
COc1ccc2nc3c(c(N)c2c1)CCCC3,0.0
CC(=O)OC1(C(C)=O)CCC2C3=CC(C)=C4CC(=O)CCC4(C)C3CCC21C,0.0
CCCS(=O)(=O)Nc1ccc(F)c(C(=O)c2c[nH]c3ncc(-c4ccc(Cl)cc4)cc23)c1F,0.0
O=C1CCCC(=O)C1C(=O)c1ccc(C(F)(F)F)cc1[N+](=O)[O-],0.0
CC12CCC3C(CC=C4CC(O)CCC43C)C1CCC2=O,0.0
CCCCN1CCCCC1C(=O)Nc1c(C)cccc1C,0.0
O=C(O)c1ccc2ccccc2c1O,0.0
CC(C(=O)O)c1ccc(CC2CCCC2=O)cc1,0.0
CCC(=O)OC1CCC2C3CC=C4CC(=O)CCC4(C)C3CCC12C,0.0
CCCCc1c(O)[nH]n(-c2ccccc2)c1=O,0.0
Nc1nc(Cl)nc2c1ncn2C1CC(O)C(CO)O1,0.0
O=C(O)c1ccccc1C(=O)Nc1ccc(S(=O)(=O)Nc2nccs2)cc1,0.0
C#CC1(O)CCC2C3CC=C4CC(=O)CCC4C3CCC21CC,0.0
COC(=O)NC(C(=O)NC(Cc1ccccc1)C(O)CN(Cc1ccc(-c2ccccn2)cc1)NC(=O)C(NC(=O)OC)C(C)(C)C)C(C)(C)C,0.0
CC(C)CCCC(C)C1CCC2C3CC=C4CC(OS(=O)(=O)O)CCC4(C)C3CCC12C,0.0
C#CC1(O)CCC2C3CCc4cc(OC)ccc4C3CCC21C,0.0
Cn1nnnc1SCC1=C(C(=O)O)N2C(=O)C(NC(=O)C(O)c3ccccc3)C2SC1,0.0
COc1cccc(OC)c1C(=O)NC1C(=O)N2C1SC(C)(C)C2C(=O)O,0.0
Cc1ccnc(NC(=O)C(C)c2cccc(C(=O)c3ccccc3)c2)c1,0.0
CCN(CC)CC#CCOC(=O)C(O)(c1ccccc1)C1CCCCC1,0.0
CCOc1nc2cccc(C(=O)O)c2n1Cc1ccc(-c2ccccc2-c2nn[nH]n2)cc1,0.0
Cc1cc(C(=O)NCCc2ccc(S(=O)(=O)NC(=O)NN3CCCCCC3)cc2)no1,0.0
C=C1CCC(O)CC1=CC=C1CCCC2(C)C1CCC2C(C)CCCC(C)C,0.0
O=C(NC1CCN(CCc2c[nH]c3ccccc23)CC1)c1ccccc1,0.0
O=C1CN=C(c2ccccn2)c2cc(Br)ccc2N1,0.0
CCOc1ccccc1OC(c1ccccc1)C1CNCCO1,0.0
O=S(O)CNc1ccc(S(=O)(=O)c2ccc(NCS(=O)O)cc2)cc1,0.0
CC#CCC(C)C(O)C=CC1C(O)CC2CC(=CCCCC(=O)O)CC21,0.0
CC1(O)CCC2C3CC=C4CC(=O)CCC4(C)C3(F)C(O)CC21C,0.0
O=C(O)CN1C(=O)c2cccc3cccc(c23)C1=O,0.0
CN1CC(C(=O)NC2(C)OC3(O)C4CCCN4C(=O)C(Cc4ccccc4)N3C2=O)C=C2c3cccc4c3c(cn4C)CC21,0.0
CC(C)(Oc1ccc(Cl)cc1)C(=O)OCCSCCCCCCCCCCSCCOC(=O)C(C)(C)Oc1ccc(Cl)cc1,0.0
CC(C)(C)NC(=O)NC(C(=O)N1CC2C(C1C(=O)NC(CC1CCC1)C(=O)C(N)=O)C2(C)C)C(C)(C)C,0.0
CCOc1ccccc1OCC1CNCCO1,0.0
OC(CCN1CCCCC1)(c1ccccc1)C1CC2C=CC1C2,0.0
CN1C(C(=O)Nc2ccccn2)C(=O)c2sccc2S1(=O)=O,0.0
CC(=O)c1ccc2c(c1)N(CCCN1CCC(CCO)CC1)c1ccccc1S2,0.0
O=C(O)Cc1cccs1,1.0
CCCCc1c(O)n(-c2ccccc2)n(-c2ccccc2)c1=O,0.0
CCCCNc1cc(C(=O)O)cc(S(N)(=O)=O)c1Oc1ccccc1,0.0
CC(O)(CS(=O)(=O)c1ccc(F)cc1)C(=O)Nc1ccc(C#N)c(C(F)(F)F)c1,0.0
CN(C)C1CCCCC1,1.0
CN1Cc2c(N)cccc2C(c2ccccc2)C1,0.0
CC(Oc1cc(-c2cnn(C3CCNCC3)c2)cnc1N)c1c(Cl)ccc(F)c1Cl,0.0
COc1ccc(C(CN(C)C)C2(O)CCCCC2)cc1,0.0
CCC(=O)OC(Cc1ccccc1)(c1ccccc1)C(C)CN(C)C,0.0
C=CCC1(C(C)CCC)C(=O)NC(=O)NC1=O,0.0
CC12CCC(O)CC1=CCC1C2CCC2(C)C1CCC2(C)O,0.0
CNC1CCCCC1,1.0
Clc1ccc(CC(=CCN2CCCC2)c2ccccc2)cc1,0.0
CCC1(c2ccc(N)cc2)CCC(=O)NC1=O,0.0
CC(=O)OCC(=O)C1(O)C(C)CC2C3CC=C4CC(=O)C=CC4(C)C3(F)C(O)CC21C,0.0
CC1(C)OC2CC3C4CC(F)C5=CC(=O)CCC5(C)C4C(O)CC3(C)C2(C(=O)CO)O1,0.0
COc1cc2nc(N(C)CCCNC(=O)C3CCCO3)nc(N)c2cc1OC,0.0
CN(CCOc1ccc(Cc2sc(=O)[nH]c2O)cc1)c1ccccn1,0.0
CCN1CCN(C(=O)NC(C(=O)NC2C(=O)N3C(C(=O)O)=C(CSc4nnnn4C)CSC23)c2ccc(O)cc2)C(=O)C1=O,0.0
CC(C)(Oc1ccc(Cl)cc1)C(=O)N1CSCC1C(=O)O,0.0
O=CC=Cc1ccco1,1.0
CCCc1cc(=O)[nH]c(=S)[nH]1,0.0
NC1CCCCC1O,1.0
CC12Cc3c[nH]nc3CC1CCC1C2CCC2(C)C1CCC2(C)O,0.0
Fc1ccc(C(c2ccc(F)cc2)N2CCN(CC=Cc3ccccc3)CC2)cc1,0.0
COC(=O)C1C(OC(=O)c2ccccc2)CC2CCC1N2C,0.0
CC(C)N1CCN(c2ccc(OCC3COC(Cn4cncn4)(c4ccc(Cl)cc4Cl)O3)cc2)CC1,0.0
c1ccc(CN(CC2=NCCN2)c2ccccc2)cc1,0.0
O=[N+]([O-])OC1COC2C(O)COC12,0.0
O=S(=O)(O)c1ccc(-c2ccc(S(=O)(=O)O)cc2)cc1,1.0
Nc1c2c(nc3ccccc13)CCCC2,0.0
CC(=O)OC1(C(C)=O)CCC2C3CC(C)=C4CC(=O)CCC4(C)C3CCC21C,0.0
Cc1cn[nH]c1,0.0
Oc1ccc(CCCCNCC(O)c2ccc(O)c(O)c2)cc1,0.0
O=C(Nc1ccc([N+](=O)[O-])cc1Cl)c1cc(Cl)ccc1O,0.0
COc1ccc(NS(=O)(=O)c2ccc(N)cc2)nn1,0.0
CCN(CC)CCS(=O)(=O)C1CCN2C(=O)c3coc(n3)CC(=O)CC(O)C=C(C)C=CCNC(=O)C=CC(C)C(C(C)C)OC(=O)C12,0.0
CC(NCCc1ccc(O)cc1)C(O)c1ccc(O)cc1,0.0
CSCCC(NC(=O)C(Cc1c[nH]c2ccccc12)NC(=O)CCNC(=O)OC(C)(C)C)C(=O)NC(CC(=O)O)C(=O)NC(Cc1ccccc1)C(N)=O,0.0
Cc1ncsc1CCCl,0.0
NS(=O)(=O)c1cc2c(cc1Cl)N=C(CSCc1ccccc1)NS2(=O)=O,0.0
CC12CCC(=O)C=C1C1CC1C1C2CCC2(C)C1C1CC1C21CCC(=O)O1,0.0
NCc1cccs1,1.0
CCC(=O)OC(OP(=O)(CCCCc1ccccc1)CC(=O)N1CC(C2CCCCC2)CC1C(=O)O)C(C)C,0.0
CCOC(=O)C1=C(C)N=C(C)C(C(=O)OC)C1c1cccc([N+](=O)[O-])c1,0.0
COc1cc(C2c3cc4c(cc3C(OC3OC5COC(c6cccs6)OC5C(O)C3O)C3COC(=O)C23)OCO4)cc(OC)c1O,0.0
CN(C)CCc1c[nH]c2ccc(CC3COC(=O)N3)cc12,0.0
CCOC(=O)COC1CCN(C(=O)C(C)NC(=O)c2ccc(C(N)=NO)cc2)CC1,0.0
CC(Cc1ccccc1)N(C)Cc1ccccc1,0.0
OCCOCCN1CCN(C(c2ccccc2)c2ccc(Cl)cc2)CC1,0.0
COC(=O)C1=C(C)N=C(C)C(C(=O)OCCN(C)Cc2ccccc2)C1c1cccc([N+](=O)[O-])c1,0.0
BrCc1ccc2ccccc2c1,1.0
COC(=O)Nc1nc2cc(C(=O)c3ccccc3)ccc2[nH]1,0.0
CC12CCC3C(CC=C4CC(=O)C=CC43C)C1CCC(=O)O2,0.0
Clc1ccc(C(c2ccccc2Cl)C(Cl)Cl)cc1,0.0
NCCc1c[nH]cn1,0.0
O=C(Cl)c1ccc2ccccc2c1,1.0
CCn1c(O)c(-c2ccccc2)[nH]c1=O,0.0
Oc1cc(Cl)ccc1Oc1ccc(Cl)cc1Cl,0.0
ClCc1ccc(-c2ccc(CCl)cc2)cc1,1.0
COc1ccc2[nH]c([S+]([O-])Cc3ncc(C)c(OC)c3C)nc2c1,0.0
CC(C)NC1CCCCC1,1.0
CCc1c2c(nc3ccc(OC(=O)N4CCC(N5CCCCC5)CC4)cc13)-c1cc3c(c(=O)n1C2)COC(=O)C3(O)CC,0.0
Cn1cnc([N+](=O)[O-])c1Sc1ncnc2[nH]cnc12,0.0
CCN(CC)C(=O)NC1CC2c3cccc4[nH]cc(c34)CC2N(C)C1,0.0
COc1cc2c(c(OC)c1OC)-c1ccc(OC)c(=O)cc1C(NC(C)=O)CC2,0.0
Cn1c(CCCC(=O)O)nc2cc(N(CCCl)CCCl)ccc21,0.0
CC(C)(Oc1ccc(Cl)cc1)C(=O)Oc1ccc(Cl)cc1,0.0
C=CCN1CCc2nc(N)sc2CC1,0.0
CCC(OC(C)=O)C(CC(C)N(C)C)(c1ccccc1)c1ccccc1,0.0
C=CCN1CCC23c4c5ccc(O)c4OC2C(O)C=CC3C1C5,0.0
O=C(O)CCCC=CCC1C(O)CC(O)C1C=CC(O)COc1ccsc1,0.0
CNC(=O)c1ccccc1Sc1ccc2c(C=Cc3ccccn3)[nH]nc2c1,0.0
COc1cc([S+](C)[O-])ccc1-c1nc2cccnc2[nH]1,0.0
NC1CCNCC1,1.0
COc1nc(N)nc2c1ncn2C1OC(CO)C(O)C1O,0.0
C#CC1(OC(N)=O)CCCCC1,0.0
COC1(NC(=O)Cc2cccs2)C(=O)N2C(C(=O)O)=C(COC(N)=O)CSC21,0.0
Cc1cccc(C(C)c2c[nH]cn2)c1C,0.0
Cc1c[nH]cn1,1.0
CCOC(=O)C1=C(COCCN)N=C(C)C(C(=O)OC)C1c1ccccc1Cl,0.0
O=C(O)C1=C(CSc2nnnn2CS(=O)(=O)O)CSC2C(NC(=O)C(O)c3ccccc3)C(=O)N12,0.0
CCOC(=O)C(CCc1ccccc1)NC(C)C(=O)N1C(C(=O)O)CC2CCCC21,0.0
CC(C)(C(=O)c1cccnc1)c1cccnc1,0.0
O=C(OCCN1CCN(c2cccc(C(F)(F)F)c2)CC1)c1ccccc1Nc1ccnc2cc(C(F)(F)F)ccc12,0.0
CNC1(C)C2CCC(C2)C1(C)C,0.0
O=C1OC(=O)C2=C1CCCC2,1.0
CC(O)C1C(=O)N2C(C(=O)O)=C(SC3CNC(CNS(N)(=O)=O)C3)C(C)C12,0.0
C=C1C(=CC=C2CCCC3(C)C2CCC3C(C)CCCC(C)(C)O)CC(O)CC1O,0.0
O=C(c1ccc(OCCN2CCCCC2)cc1)c1c(-c2ccc(O)cc2)sc2cc(O)ccc12,0.0
CC(CN(C)C)CN1c2ccccc2Sc2ccccc21,0.0
Nc1nc(NC2CC2)c2ncn(C3C=CC(CO)C3)c2n1,0.0
CCC=C(C)C1(CC)C(=O)NC(=O)NC1=O,0.0
CC(OC(=O)NCC1(CC(=O)O)CCCCC1)OC(=O)C(C)C,0.0
COc1cc2c(cc1OC)CC(=O)N(CCCN(C)CC1Cc3cc(OC)c(OC)cc31)CC2,0.0
CCOC(=O)C(CCc1ccccc1)NC(C)C(=O)N1Cc2ccccc2CC1C(=O)O,0.0
CCn1cc(C(=O)O)c(=O)c2cc(F)c(N3CCNC(C)C3)c(F)c21,0.0
Cc1nc2n(c(=O)c1CCN1CCC(c3noc4cc(F)ccc34)CC1)CCCC2,0.0
COC(=O)C1C(c2ccc(I)cc2)CC2CCC1N2CCCF,0.0
Oc1cccc(-c2c3nc(c(-c4cccc(O)c4)c4ccc([nH]4)c(-c4cccc(O)c4)c4ccc([nH]4)c(-c4cccc(O)c4)c4nc2CC4)C=C3)c1,0.0
CC(c1ccc(Cl)c(Cl)c1)n1[nH]c(N)cc1=O,0.0
C[Si]1(C)N[Si](C)(C)N[Si](C)(C)N1,1.0
C1=CCNC1,1.0
COc1ccc(CC(C)NCC(O)c2ccc(O)c(NC=O)c2)cc1,0.0
O=C(c1ccccc1)c1ccccc1,0.0
O=C1NC(=O)C2(CCOc3ccc(F)cc32)N1,0.0
NCCN1CCCCC1,1.0
CC1NCCOC1c1ccccc1,0.0
COc1cc(C(=O)NCc2ccc(OCCN(C)C)cc2)cc(OC)c1OC,0.0
CC(C)(Oc1ccc(Cl)cc1)C(=O)OCCCOC(=O)c1cccnc1,0.0
NCc1ccco1,1.0
CN(c1nc(=O)cc[nH]1)C1CCN(c2nc3ccccc3n2Cc2ccc(F)cc2)CC1,0.0
CC(CS)C(=O)N1CCCC1C(=O)O,0.0
C#CC1(O)CCC2C3CCc4cc(O)ccc4C3CCC21C,0.0
Cc1cc(NC(=O)C2C(=O)c3ccccc3S(=O)(=O)N2C)no1,0.0
CC(C)(Oc1ccc(C2CC2(Cl)Cl)cc1)C(=O)O,0.0
c1c[nH]cn1,1.0
C=C1CCC2(O)C3Cc4ccc(O)c5c4C2(CCN3CC2CC2)C1O5,0.0
CC(CSC(=O)c1ccccc1)C(=O)N1CC(Sc2ccccc2)CC1C(=O)O,0.0
COc1ccc(C(=O)N2CCN(c3ccc4c(c3)CCC(=O)N4)CC2)cc1OC,0.0
NS(=O)(=O)c1cc2c(cc1Cl)NC(Cc1ccccc1)NS2(=O)=O,0.0
CC1C=C2CC(=O)CCC2(C)C2CCC3(C)C(CCC3(C)O)C12,0.0
C1CN2CCN1CC2,1.0
Nc1nc(=O)c2c([nH]1)NCC(CNc1ccc(C(=O)NC(CCC(=O)O)C(=O)O)cc1)N2C=O,0.0
O=C(O)COCCN1CCN(C(c2ccccc2)c2ccc(Cl)cc2)CC1,0.0
CN1CCC23c4c5ccc(O)c4OC2C(O)C=CC3C1C5,0.0
CC1CCC2C(C)C(OC(=O)CCC(=O)O)OC3OC4(C)CCC1C32OO4,0.0
CN(C)CCC(c1ccc(Cl)cc1)c1ccccn1,0.0
CCOC(=O)c1cncn1C(C)c1ccccc1,0.0
CNc1ccc(C=Cc2ccc(OCCOCCOCCF)nc2)cc1,0.0
Oc1ccc(O)n1Cl,1.0
On1ccccc1=S,0.0
NCCCn1ccnc1,1.0
COc1ccc(C2C(=O)c3ccccc3C2=O)cc1,0.0
Cc1c(F)c(N2CCNC(C)C2)cc2c1c(=O)c(C(=O)O)cn2C1CC1,0.0
O=C(O)Cc1ccc(-c2ccccc2)cc1,0.0
C1CNCCNCCNCCN1,1.0
BrC(c1ccccc1)c1ccccc1,1.0
COCCCN1CCC(NC(=O)c2cc(Cl)c(N)c3c2OCC3)CC1,0.0
CC(=O)CC(c1ccc([N+](=O)[O-])cc1)c1c(O)c2ccccc2oc1=O,0.0
CCOC1OC(C(COCc2ccccc2)OCc2ccccc2)C(OCc2ccccc2)C1O,0.0
COc1ccc(CNc2nc(N3CCCC3CO)ncc2C(=O)NCc2ncccn2)cc1Cl,0.0
O=C(O)c1ccc(-n2nc(-c3ccccc3O)nc2-c2ccccc2O)cc1,0.0
Cc1c(C)c2c(c(C)c1OC(=O)C(C)(C)Oc1ccc(Cl)cc1)CCC(C)(CCCC(C)CCCC(C)CCCC(C)C)O2,0.0
O=C(Cc1ccc(-c2ccccc2)cc1)Nc1ccccn1,0.0
O=C1NC(=O)C2(N1)c1cc(F)ccc1-c1ccc(F)cc12,0.0
c1ccc(C2CN3CCSC3=N2)cc1,0.0
CC(=O)N(c1onc(C)c1C)S(=O)(=O)c1ccc(N)cc1,0.0
CC(N)C12CC3CC(CC(C3)C1)C2,0.0
Cc1cccc(C)c1NC(=O)C1CCCCN1C,0.0
O=C(O)Cn1cc(Cc2nc3c(F)c(F)cc(F)c3s2)c2ccccc21,0.0
O=C1Nc2ccc(Cl)cc2C(C#CC2CC2)(C(F)(F)F)O1,0.0
CC12COC(=O)CC1CCC1C2CCC2(C)C1CCC2(C)O,0.0
CN1CCN(CC(=O)N2c3ccccc3C(=O)Nc3cccnc32)CC1,0.0
CCC(=O)N(c1ccccc1)C1(COC)CCN(CCn2nnn(CC)c2=O)CC1,0.0
CC1(C)SC2C(N3C(=O)C(c4ccccc4)NC3(C)C)C(=O)N2C1C(=O)O,0.0
N=C(CCSCc1csc(N=C(N)N)n1)NS(N)(=O)=O,0.0
CC(C)CC(NC(=O)C(CCc1ccccc1)NC(=O)CN1CCOCC1)C(=O)NC(Cc1ccccc1)C(=O)NC(CC(C)C)C(=O)C1(C)CO1,0.0
N#CC1CCCN1C(=O)CNC12CC3CC(CC(O)(C3)C1)C2,0.0
CNC1CCc2[nH]c3ccc(C(N)=O)cc3c2C1,0.0
CCNC1CCCCC1,1.0
NS(=O)(=O)c1cc2c(cc1Cl)NC(C1CC3C=CC1C3)NS2(=O)=O,0.0
OCCN1CC(O)C(O)C(O)C1CO,0.0
CC1CCC2C(C)C(OCc3ccc(C(=O)O)cc3)OC3OC4(C)CCC1C32OO4,0.0
C1CCCCNCCC1,1.0
Cc1ccc(-c2nc3ccc(C)cn3c2CC(=O)N(C)C)cc1,0.0
O=C(Cl)c1ccco1,1.0
CC(C)CN(CC(OP(=O)(O)O)C(Cc1ccccc1)NC(=O)OC1CCOC1)S(=O)(=O)c1ccc(N)cc1,0.0
CC(=O)OCC1=C(C(=O)O)N2C(=O)C(NC(=O)C(N)c3ccccc3)C2SC1,0.0
CC12CCC(=O)C=C1CCC1C3CCC(O)(C(=O)CO)C3(C)CC(O)C12F,0.0
C=Cn1ccnc1,1.0
O=S(=O)(Cl)c1ccc2ccccc2c1,1.0
CCCCN(CCCC)CCC(O)c1cc2c(Cl)cc(Cl)cc2c2cc(C(F)(F)F)ccc12,0.0
CC1(C)C(=O)N(Cl)C(=O)N1Cl,1.0
Cc1cccc(Nc2ccncc2S(=O)(=O)NC(=O)NC(C)C)c1,0.0
COc1cc2c(cc1OC)C(=O)C(CC1CCN(Cc3ccccc3)CC1)C2,0.0
N=C(N)NC(=O)c1nc(Cl)c(N)nc1N,0.0
CC(Oc1ccccc1)C(=O)NC1C(=O)N2C1SC(C)(C)C2C(=O)O,0.0
CC12CCC(=O)C=C1CCC1C2C(=O)CC2(C)C1CCC2(O)C(=O)CO,0.0
CC1CC(OC(=O)C(O)c2ccccc2)CC(C)(C)N1C,0.0
O=c1[nH]c(=S)[nH]cc1I,0.0
NC(=O)C1CCCN1C(=O)C(Cc1c[nH]cn1)NC(=O)C1CCC(=O)N1,0.0
CC(C)(Oc1ccc(Cl)cc1)C(=O)OCCNC(=O)c1cccnc1,0.0
CCCCC(C)(C)C(O)C=CC1C(O)CC(=O)C1CCCCC=CC(=O)OC,0.0
CCCCCC(C)(O)C=CC1C(O)CC(=O)C1CC=CCCCC(=O)O,0.0
CN1CCCC1CCOC(C)(c1ccccc1)c1ccc(Cl)cc1,0.0
CC=C(C(=CC)c1ccc(O)cc1)c1ccc(O)cc1,0.0
CCC1C2CC3C4N(C)c5ccccc5C45CC(C2C5O)N3C1O,0.0
CC1CC(CC2CCC(N)C(C)C2)CCC1N,1.0
CC(CCC(=O)O)C1CCC2C3C(O)CC4CC(O)CCC4(C)C3CCC12C,0.0
CC1C2Cc3ccc(O)cc3C1(C)CCN2CC1CC1,0.0
Cc1cn(C2C=CC(CO)O2)c(=O)[nH]c1=O,0.0
C#CC1(O)CCC2C3CC=C4CC(=O)CCC4C3CCC21C,0.0
CN1CCOC(c2ccccc2)c2ccccc2C1,0.0
O=C(Cl)C1CCCCC1,1.0
O=C(O)c1nc(=O)[nH]c(=O)[nH]1,0.0
N=C(N)NCCN1CCCCCCC1,0.0
Cc1c(O)cc2c(c1C)OC(C)(CCCC(C)CCCC(C)CCCC(C)C)CC2,0.0
CC(=O)C1(O)C=C2C(=O)c3c(c(O)c4ccccc4c3O)C(=O)C2C(OC2CC(N)C(O)C(C)O2)C1,0.0
Cc1c(C(C)C)c(=O)n(-c2ccccc2)n1C,0.0
Cc1ccc(-c2cc(C(F)(F)F)nn2-c2ccc(S(N)(=O)=O)cc2)cc1,0.0
O=C(O)CC(O)CC(O)C=Cc1c(C2CC2)nc2ccccc2c1-c1ccc(F)cc1,0.0
CCCCCCC(=O)OC1CCC2C3CC=C4CC(=O)CCC4(C)C3CCC12C,0.0
NCCc1cc[nH]n1,0.0
CN1CCCC1COC(=O)C(Oc1ccc(Cl)cc1)Oc1ccc(Cl)cc1,0.0
OC1COC2C(O)COC12,0.0
CC(I)C1OCC(CO)O1,0.0
NCC1CCCCC1,1.0
CN(Cc1cc(Br)cc(Br)c1N)C1CCCCC1,0.0
CCCCC1(CN2CCN(C)CC2)C(=O)N(c2ccccc2)N(c2ccccc2)C1=O,0.0
CCCCC1=NC2(CCCC2)C(=O)N1Cc1ccc(-c2ccccc2-c2nn[nH]n2)cc1,0.0
CN(C)N=Nc1[nH]cnc1C(N)=O,0.0
CC(=O)SC1C=C2CC(=O)CCC2(C)C2CCC3(C)C(CCC34CCC(=O)O4)C12,0.0
CN1C(=O)CC(=O)N(c2ccccc2)c2cc(Cl)ccc21,0.0
Cc1c(-c2ccc(O)cc2)n(Cc2ccc(OCCN3CCCCCC3)cc2)c2ccc(O)cc12,0.0
O=c1c(CC[S+]([O-])c2ccccc2)c(O)n(-c2ccccc2)n1-c1ccccc1,0.0
CC1(C)SC2C(NC(=O)C(C(=O)O)c3ccsc3)C(=O)N2C1C(=O)O,0.0
CC12CC3CC(C)(C1)CC(N)(C3)C2,0.0
COc1cc(OC)c(C(=O)CCCN2CCCC2)c(OC)c1,0.0
CCCC(=O)OCOC(=O)C1=C(C)N=C(C)C(C(=O)OC)C1c1cccc(Cl)c1Cl,0.0
CCC1NC(=O)c2cc(S(N)(=O)=O)c(Cl)cc2N1,0.0
COC(=O)C1=C(C)N=C(C)C(C(=O)OCCN2CCN(C(c3ccccc3)c3ccccc3)CC2)C1c1cccc([N+](=O)[O-])c1,0.0
NCC1CCCC(CN)C1,1.0
NNc1nncc2ccccc12,0.0
Cc1noc(NS(=O)(=O)c2ccc(N)cc2)c1C,0.0
Cc1ccc(S(=O)(=O)NC(=O)NC2C3CCC(C)(C2O)C3(C)C)cc1,0.0
OCC1CCCNC1,1.0
NS(=O)(=O)c1cc(C(=O)O)cc(N2CCCC2)c1Oc1ccccc1,0.0
CC(CCc1ccccc1)NC(C)C(O)c1ccc(O)cc1,0.0
O=C1NCC2(CCN(CCc3ccccc3)CC2)O1,0.0
NC1CCCCCCC1,1.0
CCN(CC)CCOc1ccc(C(=C(Cl)c2ccccc2)c2ccccc2)cc1,0.0
OC(Cn1cncn1)(Cn1cncn1)c1ccc(F)cc1F,0.0
NC(=O)C1CC2(NC(=O)NC2=O)c2cc(F)ccc2O1,0.0
Cc1nc(-c2ccc(Cl)cc2)oc1COC(C)(C)C(=O)O,0.0
CC1(C)CC1C(=O)N=C(CCCCCSCC(N)C(=O)O)C(=O)O,0.0
COc1ccc(CCNCC(O)COc2cccc(C)c2)cc1OC,0.0
COc1ccnc(C[S+]([O-])c2nc3cc(OC(F)F)ccc3[nH]2)c1OC,0.0
CCCC(=O)OC1(C(=O)COC(=O)CC)CCC2C3CC=C4CC(=O)CCC4(C)C3C(O)CC21C,0.0
CN1C(=O)OC(C)(C)C1=O,0.0
O=C1OC(OC(=O)c2cccnc2Nc2cccc(C(F)(F)F)c2)c2ccccc21,0.0
CN(C)CCOC1=Cc2ccccc2Sc2ccc(Cl)cc21,0.0
COc1cc(Cc2cnc(N)nc2N)c2c(c1OC)OC(C1CC1)C=C2,0.0
CN1CCCCC1,1.0
CC(Cc1ccc(O)cc1)NCC(O)c1cc(O)cc(O)c1,0.0
COCC1=C(C(=O)O)N2C(=O)C(=NC(=O)C(NOC)c3csc(N)n3)C2SC1,0.0
CCC1OC(=O)C(C)C(OC2CC(C)(OC)C(O)C(C)O2)C(C)C(OC2OC(C)CC(N(C)C)C2O)C(C)(OC)CC(C)C(=O)C(C)C(O)C1(C)O,0.0
ClCc1cccc2ccccc12,1.0
COC1OC2OC3(C)CCC4C(C)CCC(C1C)C24OO3,0.0
NC1Cc2ccccc2C1,1.0
O=C1NCCN1c1ncc([N+](=O)[O-])s1,0.0
CC1(C)SC2C(NC(=O)C3(N)CCCCC3)C(=O)N2C1C(=O)O,0.0
CCN(CC)Cc1cc(Nc2ccnc3cc(Cl)ccc23)ccc1O,0.0
O=C(OC1CC2CC3CC(C1)N2CC3=O)c1c[nH]c2ccccc12,0.0
COC1=CC(=O)CC(C)C12Oc1c(Cl)c(OC)cc(OC)c1C2=O,0.0
CCCCC(=O)OC1CCC2C3CCc4cc(O)ccc4C3CCC12C,0.0
CC(COc1ccccc1)N(CCCl)Cc1ccccc1,0.0
C=CC1(C)CC(OC(=O)CSC2CC3CCC(C2)N3C)C2(C)C(C)CCC3(CCC(=O)C32)C(C)C1O,0.0
CC(=O)C1CCC2C3CC=C4CC(=O)CCC4(C)C3CCC12C,0.0
O=[N+]([O-])c1cncn1CCN1CCOCC1,0.0
Clc1ccc(C(Cn2ccnc2)OCc2ccsc2Cl)c(Cl)c1,0.0
C=CCN1CCC23CCCCC2C1Cc1ccc(O)cc13,0.0
CCCNC(C)C(=O)Nc1c(C)csc1C(=O)OC,0.0
CCN(CC)CCCC(C)Nc1c2ccc(Cl)cc2nc2ccc(OC)cc12,0.0
CCc1oc2ccccc2c1C(=O)c1cc(Br)c(O)c(Br)c1,0.0
CCCCCc1cc(O)c2c(c1)OC(C)(C)C1CCC(C)=CC21,0.0
COC(=O)CCC=C=CCC1C(=O)CC(O)C1C=CC(O)COc1ccccc1,0.0
CON=C(C(=O)NC1C(=O)N2C(C(=O)O)=C(COC(C)=O)CSC12)c1csc(N)n1,0.0
C=CCC1(CC(C)C)C(=O)NC(=O)NC1=O,0.0
CCSc1ccc2c(c1)N(CCCN1CCN(C)CC1)c1ccccc1S2,0.0
CON=C(C(=O)NC1C(=O)N2C(C(=O)O)=C(C)CSC12)c1csc(N)n1,0.0
CCC(c1ccccc1)c1c(O)c2ccccc2oc1=O,0.0
CON=C(C(=O)NC1C(=O)N2C(C(=O)O)=C(CSc3nc(=O)c(=O)[nH]n3C)CSC12)c1csc(N)n1,0.0
CN1CCCC1c1cccnc1,0.0
CCCC(=O)OC1(C(=O)CO)CCC2C3CC=C4CC(=O)CCC4(C)C3C(O)CC21C,0.0
CC1(C)OC2CC3C4CC=C5CC(=O)CCC5(C)C4(F)C(O)CC3(C)C2(C(=O)CCl)O1,0.0
Cc1nc2n(c(=O)c1CCN1CCC(c3noc4cc(F)ccc34)CC1)CCCC2O,0.0
CC1CCCC(C)N1NC(=O)c1ccc(Cl)c(S(N)(=O)=O)c1,0.0
NCc1ccccc1CC(=O)NC1C(=O)N2C(C(=O)O)=C(CSc3nnnn3CC(=O)O)CSC12,0.0
O=C(O)CCCC=CCC1C(O)CC(O)C1SCC(O)COc1cccc(Cl)c1,0.0
CC12CCC3c4ccc(OC(=O)N(CCCl)CCCl)cc4CCC3C1CCC2O,0.0
Cc1cc(O)c2ccccc2c1O,0.0
CCC(C)C(=O)OC1CCC=C2C=CC(C)C(CCC3CC(O)CC(=O)O3)C21,0.0
Cl[Si](Cl)(c1ccccc1)c1ccccc1,1.0
COc1ccc(OC)c(Cc2cnc3nc(N)nc(N)c3c2C)c1,0.0
Nc1ccn(C2OC(CO)C(O)C2O)c(=O)n1,0.0
C#CCC(Cc1cnc2nc(N)nc(N)c2n1)c1ccc(C(=O)NC(CCC(=O)O)C(=O)O)cc1,0.0
COc1cc2c(Nc3ccc(Br)cc3F)ncnc2cc1OCC1CCN(C)CC1,0.0
CC(C)N=c1cc2n(-c3ccc(Cl)cc3)c3ccccc3nc-2cc1Nc1ccc(Cl)cc1,0.0
CN1CCN(C2=Nc3ccccc3Oc3ccc(Cl)cc32)CC1,0.0
CC1=CC23C(=O)C(=CC(CO)C(O)C2(O)C1O)C1C(CC3C)C1(C)C,0.0
c1ccc2c(c1)Sc1ccccc1N2CC1CN2CCC1CC2,0.0
CC1(C)SC2C(NC(=O)Cc3ccccc3)C(=O)N2C1C(=O)O,0.0
CC(C)n1c(C=CC(O)CC(O)CC(=O)O)c(-c2ccc(F)cc2)c2ccccc21,0.0
c1ccc(C2(c3ccccc3)CC2C2=NCCN2)cc1,0.0
CCC(=O)OC1(c2ccccc2)CCN(C)CC1C,0.0
CCC1(c2ccccc2)C(=O)NCNC1=O,0.0
CN1CCC(=C2c3ccccc3CCc3cccnc32)CC1,0.0
CON=C(C(=O)NC1C(=O)N2C(C(=O)OC(C)OC(C)=O)=C(COC(N)=O)CSC12)c1ccco1,0.0
Oc1ccc2c(c1)CCC(c1ccccc1)C2c1ccc(OCCN2CCCC2)cc1,0.0
COc1cc2c(cc1OC)C1CC(=O)C(CC(C)C)CN1CC2,0.0
CN(C)CCC=C1c2ccccc2CCc2ccccc21,0.0
NS(=O)(=O)c1cc2c(cc1Cl)NC(CSCC(F)(F)F)NS2(=O)=O,0.0
CCC1(c2ccccc2)C(=O)NC(=O)N(C)C1=O,0.0
CCC(CCC(C)C1CCC2C3CC=C4CC(OC(=O)C(C)(C)Oc5ccc(Cl)cc5)CCC4(C)C3CCC12C)C(C)C,0.0
O=C(CCCN1CCC(O)(c2ccc(Cl)cc2)CC1)c1ccc(F)cc1,0.0
CC(O)Cn1cnc2c1c(=O)n(C)c(=O)n2C,0.0
CN(C)CCN(Cc1cccs1)c1ccccn1,0.0
CNC(=O)Oc1ccc2c(c1)C1(C)CCN(C)C1N2C,0.0
NS(=O)(=O)c1cc2c(cc1Cl)NC(C(Cl)Cl)NS2(=O)=O,0.0
Fc1ccccc1C1=NCC(=S)N(CC(F)(F)F)c2ccc(Cl)cc21,0.0
CC(C)(C)c1ccc(C(O)CCCN2CCC(C(O)(c3ccccc3)c3ccccc3)CC2)cc1,0.0
C1CCC(NC2CCCCC2)CC1,1.0
CN(C1CCCCC1)C1CCCCC1,1.0
CN1CCN(C(=O)OC2c3nccnc3C(=O)N2c2ccc(Cl)cn2)CC1,0.0
CCCCOC(=O)NC(CNC(=O)CC1CC(c2ccc(C(=N)N)cc2)=NO1)C(=O)OC,0.0
CCOC(=O)OC(C)OC(=O)C1N2C(=O)C(NC(=O)C(N)c3ccccc3)C2SC1(C)C,0.0
CC1(C)SC2C(NC(=O)C(N)c3ccc(O)cc3)C(=O)N2C1C(=O)O,0.0
CCOC(=O)N1CCC(=C2c3ccc(Cl)cc3CCc3cccnc32)CC1,0.0
CC1(C)SC2C(N=CN3CCCCCC3)C(=O)N2C1C(=O)O,0.0
Oc1c(I)cc(Cl)c2cccnc12,0.0
NS(=O)(=O)c1cc2c(cc1Cl)NCNS2(=O)=O,0.0
c1ccc(-c2ccc(C(c3ccccc3)n3ccnc3)cc2)cc1,0.0
CC(C)(Oc1ccc(Cl)cc1)C(=O)OCCCOC(=O)C(C)(C)Oc1ccc(Cl)cc1,0.0
CCC(C)C(C)C1Nc2cc(Cl)c(S(N)(=O)=O)cc2S(=O)(=O)N1,0.0
Cc1ccc2c(Cl)cc(Cl)c(O)c2n1,0.0
NS(=O)(=O)Cc1noc2ccccc12,0.0
CN1CCC(OC(=O)C(Oc2ccc(Cl)cc2)Oc2ccc(Cl)cc2)CC1,0.0
CCC(CO)NC(=O)C1C=C2c3cccc4[nH]cc(c34)CC2N(C)C1,0.0
CC1CC(OC(=O)C2CCC(=O)N2)CC(C)(C)C1,0.0
Oc1ccc(OCc2ccccc2)cc1,0.0
CC(=O)NC1C(N=C(N)N)C=C(C(=O)O)OC1C(O)C(O)CO,0.0
CC1C2C=CC1c1c(O)oc(O)c12,1.0
CCCCCC(C)(O)C=CC1C(O)CC(O)C1CC=CCCCC(=O)O,0.0
CC(C)CC1Nc2cc(Cl)c(S(N)(=O)=O)cc2S(=O)(=O)N1,0.0
Clc1ccc2c(c1)C(N1CCNCC1)=Nc1ccccc1O2,0.0
Cc1cccc(C)c1NC(=O)CN1CCN(CCCC(c2ccc(F)cc2)c2ccc(F)cc2)CC1,0.0
CC1(C)SC2C(NC(=O)C(C(=O)O)c3ccccc3)C(=O)N2C1C(=O)O,0.0
O=C(O)Cn1c(=O)n(Cc2ccc(Br)cc2F)c(=O)c2ccc(Cl)cc21,0.0
CC(C)(O)c1ccccc1CCC(SCC1(CC(=O)O)CC1)c1cccc(C=Cc2ccc3ccc(Cl)cc3n2)c1,0.0
CN1C(CCl)Nc2cc(Cl)c(S(N)(=O)=O)cc2S1(=O)=O,0.0
CCCCCC1Nc2cc(C(F)(F)F)c(S(N)(=O)=O)cc2S(=O)(=O)N1,0.0
NS(=O)(=O)c1cc2c(cc1Cl)NC(C(Cl)(Cl)Cl)NS2(=O)=O,0.0
O=S(=O)(O)c1cc(I)c(O)c2ncccc12,1.0
CNCCC(Oc1ccc(C(F)(F)F)cc1)c1ccccc1,0.0
O=C1CN=C(c2ccccc2)c2cc([N+](=O)[O-])ccc2N1,0.0
O=C(O)Cc1nn(-c2ccc(F)cc2)cc1-c1ccc(Cl)cc1,0.0
CON=C(C(=O)NC1C(=O)N2C(C(=O)O)=C(COC(N)=O)CSC12)c1ccco1,0.0
COC(=O)C1=C(C)N=C(C)C(C(=O)OC(C)C)C1c1cccc2nonc12,0.0
Cn1c(=O)c2[nH]cnc2n(C)c1=O,0.0
CCCCCCCCCC(=O)OC1(c2ccc(Cl)cc2)CCN(CCCC(=O)c2ccc(F)cc2)CC1,0.0
Cc1cc2nc3c(=O)[nH]c(=O)nc-3n(CC(O)C(O)C(O)CO)c2cc1C,0.0
CC(C(=O)O)c1ccc2oc(-c3ccc(Cl)cc3)nc2c1,0.0
CCC(=O)C1(c2cccc(O)c2)CCN(C)CC1,0.0
CNS(=O)(=O)CCc1ccc2[nH]cc(C3CCN(C)CC3)c2c1,0.0
c1ccc(N2CCNCC2)cc1,1.0
CCCCC(C)(C)C(O)C=CC1C(O)CC(Cl)C1CC=CCCCC(=O)O,0.0
COc1ccc2c(C(=O)c3ccc(Cl)cc3)c(C)n(CC(=O)O)c2c1,0.0
CN(C)C1C(=O)C(C(N)=O)C(=O)C2(O)C(=O)C3C(=O)c4c(O)ccc(Cl)c4C(O)C3CC12,0.0
CCC1(O)C(=O)OCc2c1cc1n(c2=O)Cc2cc3c([N+](=O)[O-])cccc3nc2-1,0.0
CNC1C(O)C(OC2C(N)CC(N)C(OC3OC(CN)=CCC3N)C2O)OCC1(C)O,0.0
CC12CCC(=O)C=C1CCC1C2CCC2(C)C(OC(=O)CCC3CCCC3)CCC12,0.0
Nc1nc(O)c(-c2ccccc2)o1,0.0
CN1C(=O)C(O)N=C(c2ccccc2Cl)c2cc(Cl)ccc21,0.0
Cc1nnc(C(=O)NC(C)(C)c2nc(C(=O)NCc3ccc(F)cc3)c(O)c(=O)n2C)o1,0.0
Nc1ccn(C2OC(CO)C(O)C2(F)F)c(=O)n1,0.0
CC(=O)OC1CCC2(C)C(=CCC3C2CCC2(C)C(c4cccnc4)=CCC32)C1,0.0
NC(=O)CCCN=C(c1ccc(Cl)cc1)c1cc(F)ccc1O,0.0
CCCCCCC1CCC(O)C1CCCCCCC(=O)O,0.0
CN1C(=O)CN=C(c2ccccc2F)c2cc([N+](=O)[O-])ccc21,0.0
O=C(O)Cc1nn(Cc2nc3cc(C(F)(F)F)ccc3s2)c(=O)c2ccccc12,0.0
Cc1ccc(Nc2nccc(N(C)c3ccc4c(C)n(C)nc4c3)n2)cc1S(N)(=O)=O,0.0
O=c1[nH]cnc2c1ncn2C1CCC(CO)O1,0.0
O=C1CN=C(c2ccccc2)c2cc(Cl)ccc2N1CC(F)(F)F,0.0
O=C(Nc1ccccc1)OCC(CN1CCCCC1)OC(=O)Nc1ccccc1,0.0
CC(C)(C)NC(=O)C1CN(Cc2cccnc2)CCN1CC(O)CC(Cc1ccccc1)C(=O)NC1c2ccccc2CC1O,0.0
COc1cc(C2c3cc4c(cc3C(OC3OC5COC(C)OC5C(O)C3O)C3COC(=O)C23)OCO4)cc(OC)c1O,0.0
Cc1[nH]c(=O)c(C#N)cc1-c1ccc2nccn2c1,0.0
CCCCCC(C)(O)C=CC1C(O)CC(O)C1CC=C=CCCC(=O)OC,0.0
CN1C(CSCC(F)(F)F)Nc2cc(Cl)c(S(N)(=O)=O)cc2S1(=O)=O,0.0
CN(C)CCC=C1c2ccccc2CSc2ccccc21,0.0
COc1ccccc1N1CCNCC1,1.0
C1CCC2=NCCCN2CC1,1.0
CN1C(=O)C=CC1=O,1.0
CC(CNC1CCCCC1)OC(=O)c1ccccc1,0.0
O=C(Oc1ccccc1C(=O)O)c1ccccc1O,0.0
CN(C)c1ccc(O)c2c1CC1CC3C(N(C)C)C(=O)C(C(N)=O)C(=O)C3(O)C(=O)C1C2=O,0.0
O=C(CCCN1CC=C(n2c(=O)[nH]c3ccccc32)CC1)c1ccc(F)cc1,0.0
CNCCC=C1c2ccccc2CCc2ccccc21,0.0
CCC1CC(=O)C2Oc3c(OC)ccc4c3C23CCN(CC2CC2)C(C4)C13,0.0
CC(CO)NC(=O)C1C=C2c3cccc4[nH]cc(c34)CC2N(C)C1,0.0
CCC1(O)C(=O)OCc2c1cc1n(c2=O)Cc2cc3c(CN(C)C)c(O)ccc3nc2-1,0.0
C[Si](Cl)(c1ccccc1)c1ccccc1,1.0
Cc1cccc(C)c1OCC(=O)NC(Cc1ccccc1)C(O)CC(Cc1ccccc1)NC(=O)C(C(C)C)N1CCCNC1=O,0.0
CC(C)C(N)C(=O)OCC(CO)OCn1cnc2c(=O)[nH]c(N)nc21,0.0
O=C1C=CC(=O)O1,1.0
CCC1(O)C(=O)OCc2c1cc1n(c2=O)Cc2cc3ccccc3nc2-1,0.0
CN(C)CCC=C1c2ccccc2Sc2ccc(Cl)cc21,0.0
CCN(CC)CCCC(C)Nc1ccnc2cc(Cl)ccc12,0.0
C#CC1(O)CCC2C3CCC4=Cc5oncc5CC4(C)C3CCC21C,0.0
OCc1cc(C(O)CNCCCCCCOCCCCc2ccccc2)ccc1O,0.0
COc1cc2nc(N3CCN(C(=O)C4CCCO4)CC3)nc(N)c2cc1OC,0.0
CN(C)C1C(=O)C(C(N)=O)C(=O)C2(O)C(=O)C3C(=O)c4c(O)cccc4C(C)(O)C3C(O)C12,0.0
Oc1cc2cc(CCN3CCN(c4nsc5ccccc45)CC3)c(Cl)cc2[nH]1,0.0
CCCCS(=O)(=O)NC(Cc1ccc(OCCCCC2CCNCC2)cc1)C(=O)O,0.0
O=C1C=CC(=O)c2c1c(O)c1c(NCCNCCO)ccc(NCCNCCO)c1c2O,0.0
CN(C)C1C(=O)C(C(N)=O)C(=O)C2(O)C(=O)C3C(=O)c4c(O)ccc(Cl)c4C(C)(O)C3CC12,0.0
Oc1ccc2c3c1OC1C(O)CCC4(O)C(C2)N(CC2CCC2)CCC314,0.0
CCC(CO)NC(=O)C1C=C2c3cccc4c3c(cn4C)CC2N(C)C1,0.0
CC(=O)Oc1ccccc1C(=O)OC(COC(=O)C(C)(C)Oc1ccc(Cl)cc1)COC(=O)C(C)(C)Oc1ccc(Cl)cc1,0.0
CON=C1CN(c2nc3c(cc2F)c(=O)c(C(=O)O)cn3C2CC2)CC1CN,0.0
CCCCOc1cc(C(=O)NCCN(CC)CC)c2ccccc2n1,0.0
CN1CCN(CCC=C2c3ccccc3Sc3ccc(S(=O)(=O)N(C)C)cc32)CC1,0.0
CC1(C)SC2C(NC(=O)C(N)c3ccccc3)C(=O)N2C1C(=O)O,0.0
Oc1c(I)cc(I)c2cccnc12,0.0
CCCCCC(O)C=CC1C(O)CC(O)C1CC=CCCCC(=O)O,0.0
Cn1c(=O)c2c(ncn2CC(O)CO)n(C)c1=O,0.0
O=C1CCc2cc(OCCCCc3nnnn3C3CCCCC3)ccc2N1,0.0
CC1c2cccc(O)c2C(=O)C2C(=O)C3(O)C(=O)C(C(N)=O)C(=O)C(N(C)C)C3C(O)C21,0.0
CC(C(=O)O)c1ccc(N2Cc3ccccc3C2=O)cc1,0.0
CCOC(=O)C1(c2ccccc2)CCN(CCc2ccc(N)cc2)CC1,0.0
CN(C)CCCC1(c2ccc(F)cc2)OCc2cc(C#N)ccc21,0.0
C#CC1(O)CCC2C3CCC4=CC(=NO)CCC4C3CCC21CC,0.0
COCc1c(C(=O)OC(C)C)ncc2[nH]c3ccc(OCc4ccccc4)cc3c12,0.0
CCN(CCO)CCCC(C)Nc1ccnc2cc(Cl)ccc12,0.0
CNC(=O)c1cnn(-c2nc(N)c3ncn(C4OC(CO)C(O)C4O)c3n2)c1,0.0
CN(C)c1cc(NC(=O)CNC(C)(C)C)c(O)c2c1CC1CC3C(N(C)C)C(=O)C(C(N)=O)C(=O)C3(O)C(=O)C1C2=O,0.0
CN(C)C1C(=O)C(C(N)=O)C(=O)C2(O)C(=O)C3C(=O)c4c(O)cccc4C(C)(O)C3CC12,0.0
Cc1cccc(N(C)C(=S)Oc2ccc3ccccc3c2)c1,0.0
CCCn1c(=O)[nH]c(=O)c2[nH]cnc21,0.0
CC(=O)OCCN1CCN(CCC=C2c3ccccc3Sc3ccc(Cl)cc32)CC1,0.0
CC(=Cc1ccccc1)C=C1SC(=S)N(CC(=O)O)C1=O,0.0
CC1COc2c(C3(N)CC3)c(F)cc3c(=O)c(C(=O)O)cn1c23,0.0
OCCN1CCN(CCC=C2c3ccccc3Sc3ccc(Cl)cc32)CC1,0.0
COc1cccc2c(O)c3c(c(O)c12)C(=O)C1=C(CC(O)(C(=O)CO)CC1OC1CC(N)C(O)C(C)O1)C3=O,0.0
CCN(CC)CCOC(=O)C1(C2CCCCC2)CCCCC1,0.0
CNS(=O)(=O)Cc1ccc2[nH]cc(CCCN3CCN(c4ncncc4OC)CC3)c2c1,0.0
CC(C)C(N)C(=O)OCCOCn1cnc2c(=O)[nH]c(N)nc21,0.0
C1CSCCN1,1.0
COc1cc(N)c(Cl)cc1C(=O)NC1CCN(CCCOc2ccc(F)cc2)CC1OC,0.0
CCN1C(=O)C=CC1=O,1.0
COB1OB(OC)OB(OC)O1,1.0
O=C1C=CC(=O)N1,1.0
NC1CONC1=O,0.0
CCC1(c2ccccc2)C(=O)NC(=O)NC1=O,0.0
CCCCCNC12C=CC(=O)C3Oc4c(O)ccc5c4C31CCN(C)C2C5,0.0
CC1CC2C3CC=C4CC(=O)C=CC4(C)C3C(=O)CC2(C)C1(O)C(=O)CO,0.0
C=C1CC2CCC34CC5OC6C(OC7CCC(CC(=O)CC8C(CC9OC(CCC1O2)CC(C)C9=C)OC(CC(O)CN)C8OC)OC7C6O3)C5O4,0.0
C=CCSCC1Nc2cc(Cl)c(S(N)(=O)=O)cc2S(=O)(=O)N1,0.0
CCC(C)(Oc1ccc(C2(c3ccc(OC(C)(CC)C(=O)O)cc3)CCCCC2)cc1)C(=O)O,0.0
S=c1[nH]cnc2[nH]cnc12,0.0
O=C(OCCN1CCOCC1)c1cccnc1Nc1cccc(C(F)(F)F)c1,0.0
CN1C(=O)CN=C(c2ccccc2)c2cc(Cl)ccc21,0.0
COC1CC(OC2C(C)C(=O)OC(C)C(C)C(O)C(C)C(=O)C3(CO3)CC(C)C(OC3OC(C)CC(N(C)C)C3O)C2C)OC(C)C1O,0.0
O=C(O)c1ccc2nc(-c3cc(Cl)cc(Cl)c3)oc2c1,0.0
CC(C(=O)O)c1ccc2oc(-c3ccc(F)cc3)nc2c1,0.0
C1CNCCNC1,1.0
Clc1ccc2c(c1)CCc1cccnc1C2=C1CCNCC1,0.0
CCC1=NC(=O)C2CSSCCC=CC(CC(=O)NC(C(C)C)C(=O)N2)OC(=O)C(C(C)C)NC1=O,0.0
CCOC(=O)C1(c2ccccc2)CCN(C)CC1,0.0
NC1CCCC1,1.0
Cc1cc(C#N)cc(C)c1Oc1nc(Nc2ccc(C#N)cc2)nc(N)c1Br,0.0
O=C(O)C1N=C(c2ccccc2)c2cc(Cl)ccc2NC1=O,0.0
CC1CCC2C(C)C(=O)OC3OC4(C)CCC1C32OO4,0.0
N=C(N)c1ccc(C=Cc2ccc(C(=N)N)cc2O)cc1,0.0
CS(=O)(=O)c1ccc(C(=O)Nc2ccc(Cl)c(-c3ccccn3)c2)c(Cl)c1,0.0
COc1cccc2c(O)c3c(c(O)c12)C(=O)C1=C(CC(O)(C(C)=O)CC1OC1CC(N)C(O)C(C)O1)C3=O,0.0
CC(Cc1cc2c(c(C(N)=O)c1)N(CCCO)CC2)NCCOc1ccccc1OCC(F)(F)F,0.0
O=C(Nc1c(Cl)cncc1Cl)c1ccc(OC(F)F)c(OCC2CC2)c1,0.0
O=C1CCC2(O)C3Cc4ccc(O)c5c4C2(CCN3CC2CC2)C1O5,0.0
O=C1CN=C(c2ccccc2)c2c(sc3c2CCCC3)N1,0.0
NS(=O)(=O)c1cc2c(cc1C(F)(F)F)NCNS2(=O)=O,0.0
O=C(O)CC(F)(F)F,1.0
CCCO[Si](OCCC)(OCCC)OCCC,1.0
CC(=O)Cl,1.0
CC(C)C(=O)Nc1ccc([N+](=O)[O-])c(C(F)(F)F)c1,0.0
CC1(C)OC2COC3(COS(N)(=O)=O)OC(C)(C)OC3C2O1,0.0
CC(C)CC(=O)Cl,1.0
CCCCCCC(=O)O,1.0
CCN1CCCC1CNC(=O)c1cc(S(N)(=O)=O)ccc1OC,0.0
CNCCc1ccc(OC(=O)C(C)C)c(OC(=O)C(C)C)c1,0.0
CCN=C=NCCCN(C)C,1.0
C[Si](Cl)(Cl)CCCCl,1.0
CCCCCCCC(=O)Cl,1.0
BrCc1cccc(CBr)c1,1.0
FC(F)OC(Cl)C(F)(F)F,0.0
CC(C)(OO)c1ccccc1,1.0
CCCCCCCCC(=O)O,1.0
NS(=O)(=O)c1cc(Cl)c(Cl)c(S(N)(=O)=O)c1,0.0
O=C(O)C(F)(F)F,1.0
Cc1cc(C2CCCCC2)n(O)c(=O)c1,0.0
C=CP(=O)(O)O,1.0
CCC(NC(C)C)C(O)c1ccc(O)c(O)c1,0.0
NCCCO,1.0
CCCCCCCCCCCCCC[Si](Cl)(Cl)Cl,1.0
NC(=O)CBr,1.0
O=CC(Cl)(Cl)Cl,1.0
N#CCC(=O)O,1.0
CCCCCCCCCCCCCCCCOC(=O)Cl,1.0
O=[N+]([O-])c1ccccc1CBr,1.0
NCCc1ccncc1,1.0
CC(=O)Nc1c(I)c(C(=O)NC(C=O)C(O)C(O)C(O)CO)c(I)c(N(C)C(C)=O)c1I,0.0
COc1ccc(C(C)N)cc1,1.0
CCCCN(CCCC)CCCN,1.0
COc1cccc(CCl)c1,1.0
O=C(CCBr)N1CCN(C(=O)CCBr)CC1,0.0
CN(C)C(N)=NC(=N)N,0.0
Nc1ccc(S(N)(=O)=O)cc1,0.0
CNCCN,1.0
Fc1cccc(CCl)c1,1.0
O=C(OC(Cl)(Cl)Cl)OC(Cl)(Cl)Cl,1.0
CCCCN(CCO)CCO,1.0
O=C(O)CCBr,1.0
NCCCOCCOCCOCCCN,1.0
CCCCCCCc1ccc(O)cc1,1.0
O=C(Cl)c1c(Cl)cccc1Cl,1.0
COC(CN)OC,1.0
NCCN1CCNCC1,1.0
CC(C)(C)CC(=O)O,1.0
CC1CCC(O)CC1=CC=C1CCCC2(C)C1CCC2C(C)C=CC(C)C(C)C,0.0
CC(C)(C)NCC(O)c1ccc(O)c(CO)n1,0.0
C=CCCC(=O)O,1.0
C=CCCCC(=O)O,1.0
S=C=Nc1ccc(Br)cc1,1.0
CC(C)c1cccc(C(C)C)c1O,0.0
CC(C=CC1=C(C)CCCC1(C)C)=CC=CC(C)=CCO,0.0
CN=C(NC)NCc1ccccc1,0.0
CC(C)CCCC(=O)O,1.0
Fc1cccc(N=C=S)c1,1.0
CC(O)CBr,1.0
O=C(Cl)C(Cl)(Cl)Cl,1.0
CCc1nc(N)nc(N)c1-c1ccc(Cl)cc1,0.0
O=P(Cl)(Cl)c1ccccc1,1.0
CCOC(CCCN)OCC,1.0
CCCCOC(=O)c1ccc(N)cc1,0.0
O=C(CBr)c1ccc([N+](=O)[O-])cc1,1.0
Cc1nc2sccn2c(=O)c1CCN1CCC(=C(c2ccc(F)cc2)c2ccc(F)cc2)CC1,0.0
CC(=O)O[Si](C)(C)OC(C)=O,1.0
O=C(C(O)CO)C(O)C(O)CO,0.0
CCCCC(CC)COC(=O)C=Cc1ccc(OC)cc1,0.0
C=CC(=O)OC,1.0
Oc1c(Cl)cccc1Cl,1.0
O=C(O)C(Br)C(Br)C(=O)O,1.0
CCCC(N)CCC,1.0
OCCBr,1.0
CNCCC(Oc1cccc2ccccc12)c1cccs1,0.0
O=[N+]([O-])c1cccc(S(=O)(=O)Cl)c1,1.0
C=CCOc1ccc(CC(=O)O)cc1Cl,0.0
NCCOCCO,1.0
CCOC(=O)C(Br)CBr,1.0
NC(CCC(=O)O)C(=O)O,0.0
CC(C)CN,1.0
Cc1c(O)c(=O)ccn1C,0.0
CN1CCN(C(=O)OC2C3=C(SCCS3)C(=O)N2c2ccc3ccc(Cl)nc3n2)CC1,0.0
CC=CC=CC=O,1.0
O=c1[nH]c(O)cn1N=Cc1ccc([N+](=O)[O-])o1,0.0
Oc1ccccc1S,1.0
CC(=O)Oc1ccc(C(c2ccc(OC(C)=O)cc2)c2ccccn2)cc1,0.0
O=C(Cl)CCl,1.0
CCC(=O)Br,1.0
CCO[Si](CCCN)(OCC)OCC,1.0
Nc1ccncc1N,0.0
C=C(C)C(=O)Cl,1.0
COc1ccc2c(c1)C(=O)N(CCc1ccc(S(=O)(=O)NC(=O)NC3CCCCC3)cc1)C(=O)C2(C)C,0.0
O=S(=O)(Cl)CCCl,1.0
Cc1cccc(C(=O)Cl)c1,1.0
CCOC(=O)C(Br)C(C)Br,1.0
CCCCN(C)C,1.0
CN(C)C(C)(C)CO,1.0
O=C(O)CCCc1ccc(N(CCCl)CCCl)cc1,0.0
CCC1(CC)C(=O)NCC(C)C1=O,0.0
CC=CC(=O)OC(=O)C=CC,1.0
CC(C)CCCC(C)N,1.0
CCCNCC,1.0
CCCNC(=O)NS(=O)(=O)c1ccc(Cl)cc1,0.0
CCOC(=O)CC(=O)CCl,1.0
CN(C)Cc1cc(CN(C)C)c(O)c(CN(C)C)c1,1.0
CC(N)CN,1.0
FC(F)(F)c1ccc(Cl)cc1Cl,1.0
CC(C)(C)C(=O)O,1.0
NCc1ccccn1,1.0
CC(C)(C)NCC(O)c1cc(Cl)c(N)c(Cl)c1,0.0
O=C(O)CCCl,1.0
Cc1ccc(S(=O)(=O)NC(=O)NN2CC3CCCC3C2)cc1,0.0
Clc1ccc2nsnc2c1NC1=NCCN1,0.0
COC(=O)CCl,1.0
NCCCNCCCN,1.0
N#CCCN,1.0
C[Si]1(C)N[Si](C)(C)N[Si](C)(C)N[Si](C)(C)N1,1.0
ClCc1ccc(Cl)c(Cl)c1,1.0
CSCCC(N)C(=O)O,0.0
COc1cc(NS(=O)(=O)c2ccc(N)cc2)nc(OC)n1,0.0
O=S(=O)(F)Cc1ccccc1,1.0
CCCN(CCC)CCC,1.0
CC(C)CCN,1.0
Cc1ccc(CCN)cc1,1.0
CC(C)(C)c1ccc(O)cc1,1.0
COc1ccc(C=O)cc1,1.0
CN(Cc1ccc(C(C)(C)C)cc1)Cc1cccc2ccccc12,0.0
OCC(O)C(O)C(O)C(O)CO,0.0
CC(C)c1ccc(O)cc1,1.0
CC(C)(Br)C(=O)O,1.0
CCCc1ccccc1O,1.0
NC(O)=NO,0.0
CCCCCCCCCCN,1.0
COC(c1ccccc1)(c1ccccc1)C(Oc1nc(C)cc(C)n1)C(=O)O,0.0
CCCCP(=O)(CCCC)CCCC,1.0
CC(C)OC(=O)OC(C)Cl,1.0
CCC(N)CC,1.0
Sc1cccc(Cl)c1,1.0
Oc1ccccc1,1.0
O=[N+]([O-])OCC(O[N+](=O)[O-])C(CO[N+](=O)[O-])O[N+](=O)[O-],0.0
Cc1c(-c2ccccc2)oc2c(C(=O)OCCN3CCCCC3)cccc2c1=O,0.0
S=C=Nc1cccc(Br)c1,1.0
Cc1cc(C)c(S(=O)(=O)Cl)c(C)c1,1.0
O=C=Nc1cccc(Cl)c1,1.0
O=C(CCCCCCC(O)=NO)Nc1ccccc1,0.0
CC(=O)Oc1cc(C(C)C)c(OCCN(C)C)cc1C,0.0
Cc1ccccc1OCC(O)CO,0.0
CC(=O)Oc1cccc2c1C(=O)c1c(OC(C)=O)cc(C(=O)O)cc1C2=O,0.0
CC(C)C(=O)OCC(=O)C12OC(C3CCCCC3)OC1CC1C3CC=C4CC(=O)C=CC4(C)C3C(O)CC12C,0.0
CCN(CC)CCOC(=O)c1ccc(N)cc1Cl,0.0
CCCCNC(=O)NS(=O)(=O)c1ccc(N)cc1,0.0
O=C(O)CCCc1ccccc1,0.0
CC(C)(C)OO,1.0
Cc1cccc(O)c1,1.0
NC(CS)C(=O)O,0.0
COc1nc(C)nc(Cl)c1NC1=NCCN1,0.0
ClCCC[Si](Cl)(Cl)Cl,1.0
BrCC=CCBr,1.0
CC1CC2C3CC(F)C4=CC(=O)C=CC4(C)C3(F)C(O)CC2(C)C1(O)C(=O)CCl,0.0
CCO[Si](C)(CCCN)OCC,1.0
O=CC(Br)=C(Br)C(=O)O,1.0
COc1ccc(C(=O)Cl)cc1,1.0
NCCCCCCCCN,1.0
CC1CNCCN1,1.0
Nc1ccc(C(=O)NCC(=O)O)cc1,0.0
CCN(CC)CCNC(=O)c1ccc(N)cc1,0.0
NCCCCN,1.0
Cc1ccccc1S(=O)(=O)Cl,1.0
OCc1cccnc1,0.0
CC#CC1(O)CCC2C3=C(C4=C(CC3)CC(=O)CC4)C(c3ccc(N(C)C)cc3)CC21C,0.0
CCCCCC[Si](Cl)(Cl)Cl,1.0
N=C1NCC(c2ccccc2)O1,0.0
Cc1onc(-c2ccccc2)c1C(=O)NC1C(=O)N2C1SC(C)(C)C2C(=O)O,0.0
CC(=O)NCc1c(I)c(NC(C)=O)c(I)c(C(=O)O)c1I,0.0
COc1cccc(CN)c1OC,1.0
COc1ccc(CCN)cc1OC,1.0
CCCC(CC)CCCCCCCN,1.0
C=CCBr,1.0
CNCCc1ccccn1,0.0
Cc1cc2c(cc1CC(=O)c1sccc1S(=O)(=O)Nc1onc(C)c1Cl)OCO2,0.0
O=C=NS(=O)(=O)Cl,1.0
CCCCN=C=O,1.0
O=[PH](O)c1ccccc1,1.0
NCc1ccccc1,1.0
BrC1c2ccccc2-c2ccccc21,1.0
ICI,1.0
CC(=O)C(=O)O,1.0
O=S(=O)(O)c1ccc(O)cc1,1.0
CCN1CCNCC1,1.0
O=c1[nH]cc(N(CCCl)CCCl)c(=O)[nH]1,0.0
O=C(Cl)OCCl,1.0
ClCc1ccc(Br)cc1,1.0
CC(C)(C)C(=O)Cl,1.0
ClCC=CCCl,1.0
CC(C)(C)N(CCO)CCO,1.0
Cc1cc(C(C)(C)C)cc(C)c1CC1=NCCN1,0.0
O=S(=O)(Cl)c1c(F)c(F)c(F)c(F)c1F,1.0
CO[Si](CCCN)(OC)OC,1.0
CC(=O)Nc1c(I)c(NC(C)=O)c(I)c(C(=O)O)c1I,0.0
CCCCCCCCCCCCCCCC(=O)OC(=O)CCCCCCCCCCCCCCC,1.0
CCNC(C)Cc1cccc(C(F)(F)F)c1,0.0
COC(=O)C(F)(F)F,1.0
CCCCOP(=O)(O)OCCCC,1.0
Fc1ccc(CCl)cc1,1.0
CC(NC(C)(C)C)C(=O)c1cccc(Cl)c1,0.0
CC(=O)Nc1ccc(S(=O)(=O)Cl)cc1,1.0
N#CC(Cl)Cl,1.0
CCCCCCCCN(C)CCCCCCCC,1.0
ClCc1cccc(Cl)c1,1.0
CC(=O)Nc1ccc(O)cc1,0.0
NCCc1ccccn1,1.0
CCCCCCc1ccc(O)cc1,1.0
N#Cc1ccc(CBr)cc1,1.0
COc1cc(C=O)ccc1O,1.0
CC(O)C(=O)Nc1c(I)c(C(=O)NC(CO)CO)c(I)c(C(=O)NC(CO)CO)c1I,0.0
COc1ccc(CCl)cc1,1.0
O=Cc1ccccc1Cl,1.0
COCC(=O)Cl,1.0
CN(C)CC1CCn2cc(c3ccccc32)C2=C(C(=O)NC2=O)c2cn(c3ccccc23)CCO1,0.0
CCCCCCCC[Si](Cl)(Cl)Cl,1.0
CC(N)C(C)(C)C,1.0
ClCc1ccc(Cl)cc1Cl,1.0
CC(C)(CO)C(O)C(=O)NCCCC(=O)O,0.0
CN(C)[Si](C)(C)C,1.0
COCCCCC(=NOCCN)c1ccc(C(F)(F)F)cc1,0.0
Cc1cccc(C)c1NC(=O)C(C)N,0.0
CC(C)(Oc1ccc(Cl)cc1)C(=O)OCCOC(=O)c1cccnc1,0.0
O=C(O)c1cccnc1Nc1cccc(C(F)(F)F)c1,0.0
CCOC(=O)C(=O)Cl,1.0
CC(C)(C)c1ccccc1O,1.0
CC(C)(N)Cc1ccccc1,0.0
O=C(OCCOCCO)c1ccccc1Nc1cccc(C(F)(F)F)c1,0.0
O=c1[nH]c(=O)n(C2CCCO2)cc1F,0.0
CC(=O)C1CCC2C3CCC4CC(O)CCC4(C)C3C(=O)CC12C,0.0
O=c1cc(O)[nH]cc1Cl,0.0
NCc1ccc(Br)cc1,1.0
O=C(Cl)c1cc([N+](=O)[O-])cc([N+](=O)[O-])c1,1.0
CC(C)OC(=O)Cl,1.0
O=CC(Br)(Br)Br,1.0
O=C(Cl)c1ccccc1F,1.0
O=C(O)C(F)(F)C(F)(F)F,1.0
CCCCCCCCCCCCCCCCCC(=O)Cl,1.0
O=C(O)O,0.0
OCC#CCO,1.0
CCOCCP(CCOCC)CCP(CCOCC)CCOCC,0.0
C=C(C)C(=O)OCCN(C)C,1.0
CC(=O)S,1.0
O=C(CCl)CCl,1.0
CCCCOc1cc(C(=O)OCCN(CC)CC)ccc1N,0.0
Nc1ccncc1,0.0
BrCC(Br)c1ccccc1,1.0
ClP(Cl)c1ccccc1,1.0
O=S(=O)(Cl)c1cccc(Br)c1,1.0
FC(F)OC(F)C(F)(F)F,0.0
CC(O)C1C(=O)N2C(C(=O)O)=C(SC3CNC(C(=O)Nc4cccc(C(=O)O)c4)C3)C(C)C12,0.0
O=P(O)(O)OCC(Cl)(Cl)Cl,0.0
CC(O)CNCCN,1.0
CCC[Si](Cl)(Cl)Cl,1.0
CC(=O)Oc1ccc2c(CBr)cc(=O)oc2c1,1.0
CCCCCCCCNCCCCCCCC,1.0
CCN(CC)Cc1ccccc1,1.0
FC(F)(F)c1ccc(Cl)c(Cl)c1,1.0
O=C(Cl)c1ccccc1C(=O)Cl,1.0
O=S(=O)(O)C(F)(F)C(F)(F)C(F)(F)C(F)(F)F,1.0
CCCCOC(=O)Cl,1.0
O=C(Cl)c1ccc(Cl)cc1,1.0
CCCCC(CC)COP(=O)(O)OCC(CC)CCCC,1.0
CC(C)(C)CN,1.0
N=C(N)N,0.0
CCCCCCCCN(C)C,1.0
C[SiH](Cl)Cl,1.0
CNCCCNC,1.0
CC(CC(=O)Cl)CC(C)(C)C,1.0
NCCCOCCCCOCCCN,1.0
O=S(=O)(O)c1cccnc1,1.0
FC(F)(F)C(F)(F)C(F)(F)F,0.0
C=CCOc1ccccc1OCC(O)CNC(C)C,0.0
O=[N+]([O-])c1ccc(CBr)cc1,1.0
Cc1cc(C)cc(O)c1,1.0
COC(=O)C1C2CC3c4[nH]c5ccccc5c4CCN3CC2CC(OC(=O)c2cc(OC)c(OC)c(OC)c2)C1OC,0.0
CC(C)(Sc1cc(C(C)(C)C)c(O)c(C(C)(C)C)c1)Sc1cc(C(C)(C)C)c(O)c(C(C)(C)C)c1,0.0
Cc1ccc(N=C=O)cc1N=C=O,1.0
COC(=O)CCC=C=CCC1C(O)CC(O)C1C=CC(O)COc1ccccc1,0.0
CCCNC,1.0
NCc1ccc(C(F)(F)F)cc1,1.0
CCC=CCC(=O)O,1.0
CCCCC(Br)C(=O)O,1.0
CCCC[Si](Cl)(Cl)Cl,1.0
O=S(=O)(Cl)C(F)(F)F,1.0
CCCCC(CC)C(=O)Cl,1.0
CCCCCCCCCCCCN,1.0
CCC(C(=O)O)c1ccc(CC(C)C)cc1,0.0
CN(C(=O)CO)c1c(I)c(C(=O)NCC(O)CO)c(I)c(C(=O)NCC(O)CO)c1I,0.0
CC1OC(n2cc(F)c(=O)[nH]c2=O)C(O)C1O,0.0
CC(Br)C(=O)Cl,1.0
COCC(=O)O,1.0
CC(C)C[Si](Cl)(Cl)Cl,1.0
Fc1ccccc1CCl,1.0
COc1ccc2c(c1)c(CC(O)=NO)c(C)n2C(=O)c1ccc(Cl)cc1,0.0
CC1OC(OC2C(CO)OC(OC(C(=O)C(O)CO)C(O)CO)C(O)C2O)C(O)C(O)C1NC1C=C(CO)C(O)C(O)C1O,0.0
CCCNCCC,1.0
CCOC(=O)C(F)Cl,1.0
CCCCCCCCCCCCCCN(C)C,1.0
CC(C)OP(=O)(F)OC(C)C,0.0
CC(C)(N)Cc1ccc(Cl)cc1,0.0
CCCOC(=O)Cn1cc(I)c(=O)c(I)c1,0.0
O=[N+]([O-])OCC(O[N+](=O)[O-])C(O[N+](=O)[O-])C(O[N+](=O)[O-])C(CO[N+](=O)[O-])O[N+](=O)[O-],0.0
CN(C)CCON=C1c2ccccc2CCc2ccccc21,0.0
CCCCC#CC(=O)O,1.0
Fc1cccc(Cl)c1CCl,1.0
COCC(NC(C)=O)C(=O)NCc1ccccc1,0.0
NCc1cccc(CN)c1,1.0
Nc1cccc2c1CN(C1CCC(=O)NC1=O)C2=O,0.0
OC(O)C(Cl)(Cl)Cl,0.0
CC(C)(CO)C(O)C(=O)NCCC(=O)O,0.0
COCCc1ccc(OCC(O)CNC(C)C)cc1,0.0
CC(C=CC(C)C(C)(C)O)C1CCC2C(=CC=C3CC(O)CC(O)C3)CCCC21C,0.0
CCC(C)c1ccc(O)cc1,1.0
CC(C)(N)Cc1ccccc1Cl,0.0
O=C(O)CN(CCN(CC(=O)O)CC(=O)O)CCN(CC(=O)O)CC(=O)O,0.0
CCCCCON=O,0.0
O=C(O)CCCC=CCC1C(O)CC(O)C1C=CC(O)COc1cccc(C(F)(F)F)c1,0.0
BrCc1ccccc1,1.0
CCCCCCNCCCCCC,1.0
O=C(O)c1ccc(CCl)cc1,1.0
O=C(CCl)C(Cl)Cl,1.0
Cc1cnc(C(=O)NCCc2ccc(S(=O)(=O)NC(=O)NC3CCCCC3)cc2)cn1,0.0
O=S(=O)(Cl)c1ccc(Cl)cc1,1.0
CCCN,1.0
CCNCCN,1.0
Oc1ccc(Cl)cc1O,1.0
O=CCCCC=O,1.0
CCNCc1ccccc1,1.0
NCC(O)CO,1.0
CCCC(=O)Cl,1.0
CCCOC(=O)Cc1ccc(OCC(=O)N(CC)CC)c(OC)c1,0.0
O=CC(Cl)=C(Cl)C(=O)O,1.0
CCCCCC(O)CCC1C(O)CC2Cc3c(cccc3OCC(=O)O)CC21,0.0
O=C1NC(c2ccccc2)(c2ccccc2)C(=O)N1COP(=O)(O)O,0.0
CCOP(Cl)OCC,1.0
Sc1ccc(Br)cc1,1.0
CNC(C)(C)Cc1ccccc1,0.0
C=CCc1ccccc1OCC(O)CNC(C)C,0.0
NNC(=O)c1ccncc1,0.0
O=C(CC(=O)C(F)(F)F)C(F)(F)F,1.0
CC(=O)Nc1ccc(OCC(O)CNC(C)C)cc1,0.0
O=C(O)COC(=O)Cc1ccccc1Nc1c(Cl)cccc1Cl,0.0
CC(C)C(Br)C(=O)O,1.0
COC(=O)CCC(=O)CN,0.0
CCNCC,1.0
O=C(Cl)c1ccc(Cl)c(Cl)c1,1.0
CCOC(=O)Oc1c(OC)cc(C(=O)OC2CC3CN4CCc5c([nH]c6cc(OC)ccc56)C4CC3C(C(=O)OC)C2OC)cc1OC,0.0
CCN(CC)C(=O)C(C#N)=Cc1cc(O)c(O)c([N+](=O)[O-])c1,0.0
CN(C)CCn1nnnc1SCC1=C(C(=O)O)N2C(=O)C(NC(=O)Cc3csc(N)n3)C2SC1,0.0
CCS(=O)(=O)Cl,1.0
CCOC(=O)C(Br)C(=O)OCC,1.0
CC(C)CNCC(C)C,1.0
O=C(Cl)CCCCCCCCC(=O)Cl,1.0
CCOC(=O)n1ccn(C)c1=S,0.0
CC(C=CC1=C(C)CCCC1(C)C)=CC=CC(C)=CC(=O)O,0.0
CCN(CC)CCCN,1.0
CC(C)(Oc1ccc(Cl)cc1)C(=O)OC(COC(=O)c1cccnc1)COC(=O)c1cccnc1,0.0
CCCCOC(=O)C(=O)C1C(C)CC2C3CC(F)C4=CC(=O)C=CC4(C)C3C(O)CC21C,0.0
O=C1N=C(c2ccccc2Cl)c2cc(Cl)ccc2NC1O,0.0
CC(N)CO,1.0
N#CSCc1ccccc1,1.0
CCCNC(C)CC,1.0
COC(=O)CBr,1.0
NCCNCCN,1.0
CCN(C)CC,1.0
FCOC(C(F)(F)F)C(F)(F)F,0.0
CNCCCN,1.0
C=C(C)C=O,1.0
CCCCCCC=CC(=O)O,1.0
CCCN(CC)C(CC)C(=O)Nc1c(C)cccc1C,0.0
CC(C)N=C(N)N=C(N)Nc1ccc(Cl)cc1,0.0
CCC=CC(=O)O,1.0
CC(Cc1ccc(O)c(O)c1)(NN)C(=O)O,0.0
CCB(CC)CC,1.0
N#Cc1cc(NC(=O)C(=O)O)c(Cl)c(NC(=O)C(=O)O)c1,0.0
CC(O)=NO,0.0
CNC(=O)c1cc(Oc2ccc(NC(=O)Nc3ccc(Cl)c(C(F)(F)F)c3)cc2)ccn1,0.0
O=C(CBr)c1ccccc1,1.0
CCCCCCCCCN,1.0
CS(=O)(=O)OCCCCOS(C)(=O)=O,0.0
CO[Si](C)(CCCNCCN)OC,1.0
O=C(Cl)c1ccc(F)cc1,1.0
CC(=O)Nc1ccc(C=NNC(N)=S)cc1,0.0
CCCCP(CCCC)CCCC,1.0
O=C(O)CBr,1.0
COC(=O)C=CCBr,1.0
CCCCS(=O)(=O)Cl,1.0
FC(F)(F)c1ccc(CCl)cc1,1.0
O=C(O)C(Cl)(Cl)Cl,1.0
CC(=O)CCC(=O)O,1.0
CC(=O)NC(CCSC(=O)C(C)(C)Oc1ccc(Cl)cc1)C(=O)O,0.0
CCOC(=O)C(C)(C)Oc1ccc(Cl)cc1,0.0
CCCCCCCCCCCCCCCN,1.0
CCC(C)(C)C(=O)Cl,1.0
CN(C)CC=CCN(C)C,1.0
O=C(Cl)OCC1c2ccccc2-c2ccccc21,1.0
CN(C)C(=O)C(CCN1CCC(O)(c2ccc(Cl)cc2)CC1)(c1ccccc1)c1ccccc1,0.0
O=C(O)C(Cl)CCl,1.0
CCCC(Br)C(=O)O,1.0
CCCCNC,1.0
C=C(C)C(=O)O,1.0
O=C(O)CSCC(=O)O,1.0
CCOCCN,1.0
CCc1ccccc1O,1.0
CCCCCC(=O)O,1.0
CCOCC,0.0
NC(=O)OCC(COC(N)=O)c1ccccc1,0.0
O=C(Cl)c1cccc(C(=O)Cl)c1,1.0
CC(CCN)CC(C)(C)CN,1.0
NCC1OC(OC2C(CO)OC(OC3C(O)C(N)CC(N)C3OC3OC(CO)C(O)C(O)C3N)C2O)C(N)C(O)C1O,0.0
Nc1cccc(S)c1,1.0
O=C(Oc1cccc2cccnc12)c1ccccc1,0.0
FC(F)(F)C(F)(F)C(F)(F)C(F)(F)C(F)(F)C(F)(F)F,0.0
NNc1ccc([N+](=O)[O-])cc1[N+](=O)[O-],1.0
ClCc1ccc(CCl)cc1,1.0
CC[Si](Cl)(Cl)CC,1.0
N#CSCSC#N,1.0
CCCC(CCC)C(=O)O,0.0
Oc1ccc(Cl)cc1Cl,1.0
O=C(O)CO,1.0
CC(=O)Br,1.0
C[Si](Cl)(Cl)Cl,1.0
CC(C)(C)OCl,1.0
Cc1cccc(O)c1C,1.0
Fc1c(F)c(F)c(CBr)c(F)c1F,1.0
O=[N+]([O-])c1ccc(SCl)c([N+](=O)[O-])c1,1.0
NCCOCCN,1.0
C#CC(=O)O,1.0
CN(C)C(=O)Cl,1.0
C=C(CC)C(=O)c1ccc(OCC(=O)O)c(Cl)c1Cl,0.0
CCN1CCCC1CNC(=O)c1cc(S(=O)(=O)CC)c(N)cc1OC,0.0
CCCCNc1ccc(C(=O)OCCN(C)C)cc1,0.0
FC(F)OC(F)(F)C(F)Cl,0.0
CCCCCCCCCCCC(=O)Cl,1.0
CCOS(=O)(=O)C(F)(F)F,1.0
O=C(Cl)C(F)(F)C(F)(F)C(F)(F)F,1.0
COC(=O)C(Br)C(=O)OC,1.0
O=C(Cl)c1ccc([N+](=O)[O-])cc1,1.0
ClCc1ccccc1CCl,1.0
CC1(CCl)CO1,1.0
NC(=O)CCC(N)C(=O)O,0.0
O=[PH](Oc1ccccc1)Oc1ccccc1,1.0
O=C(O)CCl,1.0
CCCCCCCCCCCCOCCOCCOCCOCCOCCOCCOCCOCCOCCO,0.0
Clc1ccc2c(N3CCN(CCCN4CCN(c5ccnc6cc(Cl)ccc56)CC4)CC3)ccnc2c1,0.0
CC(C)CC1C(=O)N2CCCC2C2(O)OC(NC(=O)C3C=C4c5cccc6[nH]c(Br)c(c56)CC4N(C)C3)(C(C)C)C(=O)N12,0.0
O=C(O)C(F)(F)C(F)(F)C(F)(F)C(F)(F)C(F)(F)C(F)(F)C(F)(F)F,1.0
CCCCCC=CC(=O)O,1.0
CC(C)C(C)N,1.0
CCCC(C)(C)C(=O)O,1.0
CCOC(=O)C(CCc1ccccc1)NC(C)C(=O)N1C(C(=O)O)CC2CCCCC21,0.0
CNCCO,1.0
COC(=O)C1C(O)CCC2CN3CCc4c([nH]c5ccccc45)C3CC21,0.0
c1ccc(CC2=NCCN2)cc1,0.0
CC12CCC3c4ccc(O)cc4CCC3C1CCC2OC(=O)CCC1CCCC1,0.0
Cc1cn(C2CC(O)C(CO)O2)c(=O)[nH]c1=O,0.0
O=C(O)Cc1cn(-c2ccccc2)nc1-c1ccc(Cl)cc1,0.0
CCCCOCC(=O)O,1.0
O=C(Cl)c1cccc(Cl)c1,1.0
O=C(Cl)OCCCCl,1.0
Cc1ccc(S(=O)(=O)Cl)cc1,1.0
CCN(CC)C(=O)Nc1ccc(OCC(O)CNC(C)(C)C)c(C(C)=O)c1,0.0
C=CCI,1.0
CCCN(CCc1cccs1)C1CCc2c(O)cccc2C1,0.0
CCCOC(=O)Cl,1.0
C=CCN(CC=C)CC=C,1.0
N=C(N)NCCCCCCC(=O)NC(=O)C(O)NCCCCNCCCN,0.0
CC(=O)N(CC(O)CO)c1c(I)c(C(=O)NCCO)c(I)c(C(=O)NCC(O)CO)c1I,0.0
CN(C)CCN(C)CCN(C)C,1.0
CCCCCCCCN,1.0
COc1ccc2c(c1)c(CC(=O)OCC(=O)O)c(C)n2C(=O)c1ccc(Cl)cc1,0.0
CCCCC=CC(=O)O,1.0
O=[N+]([O-])OCCN(CCO[N+](=O)[O-])CCO[N+](=O)[O-],0.0
O=c1[nH]c2ccccc2n1C1CCN(CCCC(c2ccc(F)cc2)c2ccc(F)cc2)CC1,0.0
C=CC(=O)OCCOCCOCCOCCOC(=O)C=C,1.0
Cc1onc(-c2c(F)cccc2Cl)c1C(=O)NC1C(=O)N2C1SC(C)(C)C2C(=O)O,0.0
CN(C)CCCN(C)C,1.0
CC(=O)NBr,1.0
CCN(CC)CCNC(=O)c1ccc(NC(C)=O)cc1,0.0
O=C(OC(=O)C(F)(F)C(F)(F)C(F)(F)F)C(F)(F)C(F)(F)C(F)(F)F,1.0
C=CCNCC=C,1.0
NCC(O)CN,1.0
CC(C)NCC(O)COc1ccc(O)cc1,0.0
Cc1cc(O)c(Cl)c(C)c1Cl,1.0
CCCCCCCCCCN(C)C,1.0
O=C(O)c1ccc(CBr)cc1,1.0
Clc1ccccc1C(Cl)(Cl)Cl,1.0
C=Cc1ccc(CCl)cc1,1.0
COc1ncnc(NS(=O)(=O)c2ccc(N)cc2)c1OC,0.0
NCC1OC(OC2C(N)CC(N)C(OC3OC(CO)C(O)C(N)C3O)C2O)C(O)C(O)C1O,0.0
CC(C)NCCCC1(C(N)=O)c2ccccc2-c2ccccc21,0.0
CN(CCCl)CCCl,0.0
O=c1[nH]c(=O)n(C2CC(O)C(CO)O2)cc1I,0.0
Fc1ccc(Cn2c(NC3CCNCC3)nc3ccccc32)cc1,0.0
CC=CC(=O)Cl,1.0
CC(N)Cc1ccccc1,0.0
NC(=O)c1ncn(C2OC(CO)C(O)C2O)n1,0.0
O=C(Br)CBr,1.0
O=S(=O)(Cl)c1ccc(Br)cc1,1.0
CC(C)CC(C)N,1.0
O=C(OCC(F)(F)F)C(F)(F)F,1.0
O=C(Cl)c1cccc([N+](=O)[O-])c1,1.0
Cc1cc(O)c(C)c(O)c1,1.0
O=C(O)CCCCl,1.0
O=Cc1cc(Cl)ccc1Cl,1.0
N#Cc1ccc(CCl)cc1,1.0
O=Cc1c(Cl)cccc1Cl,1.0
S=C=NCCc1ccccc1,1.0
O=P(O)(O)CP(=O)(O)O,1.0
O=[N+]([O-])c1ccccc1CCl,1.0
CCOC(=O)C(CCc1ccccc1)NC(C)C(=O)N1CCCC1C(=O)O,0.0
C[Si](Cl)Cl,1.0
COC(=O)CCc1ccc(OCC(O)CNC(C)C)cc1,0.0
CN(C)CCCN,1.0
CCC(Br)C(=O)O,1.0
Nc1ccc(C(=O)O)c(O)c1,0.0
Fc1c(F)c(F)c(S)c(F)c1F,1.0
CCC1=CC2CN(C1)Cc1c([nH]c3ccccc13)C(C(=O)OC)(c1cc3c(cc1OC)N(C)C1C(O)(C(=O)OC)C(OC(C)=O)C4(CC)C=CCN5CCC31C54)C2,0.0
CC(=O)CCl,1.0
CC(C)NCC(O)COc1ccc(COCCOC(C)C)cc1,0.0
NCCCN(CCO)CCO,1.0
O=[N+]([O-])c1ccccc1S(=O)(=O)Cl,1.0
CC(C)NC(C)C,1.0
CCc1ccc(O)cc1,1.0
Cc1ccc(O)c(C(C)(C)C)c1,1.0
O=C(Cl)c1cccc(F)c1,1.0
O=C(Cl)CCC(=O)Cl,1.0
CCCCCCCCCCCCCCCC(=O)OCC=C(C)C=CC=C(C)C=CC1=C(C)CCCC1(C)C,0.0
N#CCI,1.0
CC(C)CC(=O)O,1.0
CCCCC(=O)OC(=O)CCCC,1.0
CCN(CC)CCNC(=O)c1cc(S(C)(=O)=O)ccc1OC,0.0
O=C(Cl)c1ccccc1Br,1.0
O=C(F)c1ccccc1,1.0
Cc1nc(=O)c2cc(CN(C)c3ccc(C(=O)NC(CCC(=O)O)C(=O)O)s3)ccc2[nH]1,0.0
O=C(Cl)OCc1ccccc1,1.0
CC(Oc1ccccc1)C(=O)Cl,1.0
CCCCC(CC)COP(=O)(O)O,1.0
CC(Br)C(=O)O,1.0
Fc1ccc(N=C=S)cc1,1.0
NC(CO)CO,1.0
OCC(Cl)(Cl)Cl,1.0
C#CCCCC(=O)O,1.0
Nc1ccc(F)cc1,1.0
C=CC[Si](C)(C)Cl,1.0
C=Cc1cccnc1,1.0
O=P(O)(O)CCCCP(=O)(O)O,1.0
CN(C)CN(C)C,1.0
N=C(N)N=C(N)NCCc1ccccc1,0.0
CC(C)(CCl)C(=O)O,1.0
CCCCCCCCCCCCN(C)C,1.0
CCOP(=S)(Cl)OCC,1.0
O=c1[nH]c2ccccc2n1CCCN1CCN(C(c2ccccc2)c2ccccc2)CC1,0.0
Cc1cccc(CBr)c1,1.0
CCCCCCCCCCCCCCCC(=O)Cl,1.0
CS(=O)(=O)O,1.0
CCCCCCN,1.0
COc1cccc(CN)c1,1.0
Cc1ccccc1O,1.0
CCCC(=O)Nc1ccc(OCC(O)CNC(C)C)c(C(C)=O)c1,0.0
O=C(OC(=O)C(Cl)(Cl)Cl)C(Cl)(Cl)Cl,1.0
Cc1ccc(CBr)cc1,1.0
C[Si](C)(C)CBr,1.0
O=C(O)C(O)C(O)C(O)C(O)C(O)CO,0.0
NCCCNCCSP(=O)(O)O,0.0
O=C(Br)c1ccccc1,1.0
Cc1ccc(CCl)c(C)c1,1.0
CCCCC(=O)N(Cc1ccc(-c2ccccc2-c2nn[nH]n2)cc1)C(C(=O)O)C(C)C,0.0
CCN(C(C)C)C(C)C,1.0
C=CC(=O)OCCO,1.0
CCc1cc(C(N)=S)ccn1,0.0
CC(C)NC(C)Cc1ccc(I)cc1,0.0
CCN(CC)C(C)C(=O)c1ccccc1,0.0
Cc1ccc(CN)cc1,1.0
O=C(O)C1CC=CCC1,1.0
CN(C)CCCO,1.0
ClCc1ccccc1,1.0
BrCC=Cc1ccccc1,1.0
CC(C)N(C)C,1.0
CCCC(C)(COC(N)=O)COC(=O)NC(C)C,0.0
O=C(O)CCC(CC(=O)O)(C(=O)O)P(=O)(O)O,1.0
O=P(O)(O)C(Cl)(Cl)P(=O)(O)O,0.0
NCCc1ccc(Br)cc1,1.0
CCC(Cc1c(I)cc(I)c(N)c1I)C(=O)O,0.0
COc1ccc(N=C=S)cc1,1.0
COc1ccccc1Oc1c(NS(=O)(=O)c2ccc(C(C)C)cn2)nc(-c2ccnc(-c3nn[nH]n3)c2)nc1OCCO,0.0
CCCCCCCNCCCCCCC,1.0
COC(=O)C#CC(=O)OC,1.0
NC(CO)(CO)CO,0.0
O=C=NCCCCCCN=C=O,1.0
COc1ccc(CN)cc1,1.0
CN1CCNCC1,1.0
C=C[Si](C)(Cl)Cl,1.0
CN(C)Cc1ccccc1,1.0
NCCNCc1ccccc1,1.0
O=S(=O)(Cl)c1cc(Cl)c(Cl)cc1Cl,1.0
NCc1cccc(F)c1,1.0
CNCc1ccccc1,1.0
CC(C)c1cccc(C(C)C)c1OCOP(=O)(O)O,0.0
CCC(C)c1ccccc1O,1.0
CC(C)c1ccccc1O,1.0
N#CCCN(CCC#N)CCC#N,1.0
O=C(Cl)CCCCCl,1.0
CCCCCC(C)N,0.0
O=C(OC(=O)C(F)(F)C(F)(F)F)C(F)(F)C(F)(F)F,1.0
CCCCCCCC(=O)OC(=O)CCCCCCC,1.0
CN(C)CCCCN(C)C,1.0
CC=CCC(=O)O,1.0
O=C(Cl)c1c(F)c(F)c(F)c(F)c1F,1.0
CCCN(CC)CCC,1.0
CCCCCCCCCCCCCCN,1.0
COCCCN,1.0
Oc1ccccc1Cl,1.0
CCCC(Br)C(=O)OCC,1.0
CCCN(CCC)S(=O)(=O)c1ccc(C(=O)O)cc1,0.0
CCCCC(CC)CN(CC(CC)CCCC)CC(CC)CCCC,1.0
CN(C)CCCNCCCN(C)C,1.0
O=C(O)c1ccccc1Nc1cccc(C(F)(F)F)c1,0.0
Cc1ccccc1CCl,1.0
NC(=O)c1cccnc1,0.0
Cc1cc(Cl)ccc1O,1.0
CCCC1(CCc2ccccc2)CC(=O)C(C(CC)c2cccc(NS(=O)(=O)c3ccc(C(F)(F)F)cn3)c2)C(=O)O1,0.0
CC1(C)SC2C(NC(=O)C(NC(=O)N3CCNC3=O)c3ccccc3)C(=O)N2C1C(=O)O,0.0
BrCc1ccccc1CBr,1.0
ClCc1cccc(CCl)c1,1.0
Cc1ncc(CO)c(CO)c1O,0.0
NCCCNCCNCCCN,1.0
COc1ccccc1CN,1.0
CC(C)NCC(O)c1ccc(O)c(O)c1,0.0
CCCCNCCO,1.0
C=CCOC(=O)Cl,1.0
CC1CC2C3CC(F)C4=CC(=O)C=CC4(C)C3(F)C(O)CC2(C)C1(O)C(=O)COC(=O)C(C)(C)C,0.0
O=S(=O)(Cl)c1ccc(F)cc1,1.0
FC(F)(F)C(Cl)Br,0.0
ClCc1c2ccccc2c(CCl)c2ccccc12,1.0
NCCCCO,1.0
CC(=O)NCCCS(=O)(=O)O,0.0
COc1ccccc1CCN,1.0
CCN(CC)C(=O)N1CCN(C)CC1,0.0
CCCC(=O)O,1.0
O=C(Cl)Oc1ccccc1,1.0
NC(=O)c1ccccc1O,0.0
O=C(O)C(F)(F)C(F)(F)C(F)(F)F,1.0
O=C(Cl)c1cccc(C(F)(F)F)c1,1.0
Cc1cccc(C)c1OCC(C)N,0.0
NCCNCCNCCNCCN,1.0
C=Cc1ccccn1,1.0
O=CC(=O)O,1.0
O=Cc1cc(Cl)cc(Cl)c1,1.0
CCC(C)C(C)(COC(N)=O)COC(N)=O,0.0
O=C(O)C=CC(=O)O,1.0
CCC(C)NC(C)CC,1.0
COc1cc(NS(C)(=O)=O)ccc1Nc1c2ccccc2nc2ccccc12,0.0
COc1ccc(CN)cc1OC,1.0
CC(C)(C#N)c1cc(Cn2cncn2)cc(C(C)(C)C#N)c1,0.0
Cl[Si](Cl)(Cl)c1ccccc1,1.0
CCS(=O)(=O)O,1.0
NCCNCCCO,1.0
CC(C)NCC(O)COc1ccc(CC(N)=O)cc1,0.0
CCOC(=O)C1(c2ccccc2)CCN(CCC(C#N)(c2ccccc2)c2ccccc2)CC1,0.0
CC(C)(C)NCC(O)c1ccc(O)c(CO)c1,0.0
CC(C)CN(CC(C)C)CC(C)C,1.0
CCCCCCCCCCOC(=O)Cl,1.0
CC(C)(C)c1cccc(O)c1,1.0
NCc1ccc(Cl)cc1,1.0
CC(C(=O)O)c1ccc2c(c1)[nH]c1ccc(Cl)cc12,0.0
Cc1cccc(CN)c1,1.0
CCCC[Si](C)(C)Cl,1.0
CCCC#CC(=O)O,1.0
CNC(Cc1ccccc1)C(=O)N1CCCC1C(=O)NC(C=O)CCCN=C(N)N,0.0
CCCC(C)C(=O)O,1.0
CC(O)(P(=O)(O)O)P(=O)(O)O,1.0
C#CCN,1.0
CC1CO1,1.0
C=CCCl,1.0
CC(=O)Nc1c(I)c(C(=O)O)c(I)c(N(C)C(C)=O)c1I,0.0
CCCCCCCCCCCCCC(=O)Cl,1.0
CCSCCO,1.0
CCN(CC)CCNC(=O)c1cc(Cl)c(N)cc1OC,0.0
CC[Si](Cl)(CC)CC,1.0
NCCC(O)C(=O)NC1CC(N)C(OC2OC(CN)C(O)C(O)C2O)C(O)C1OC1OC(CO)C(O)C(N)C1O,0.0
CCOC(=O)NC(C)(C)Cc1ccc(Cl)cc1,0.0
CCCCC(=O)O,1.0
NCCCCCCCCCCN,1.0
O=C(O)C(F)(F)Cl,1.0
O=c1[nH]c(=O)n(C2CC(O)C(CO)O2)cc1F,0.0
O=C(O)C(F)(F)C(F)(F)C(F)(F)C(F)(F)C(F)(F)C(F)(F)C(F)(F)C(F)(F)C(F)(F)C(F)(F)C(F)(F)F,1.0
CC(C)Cc1ccc(C(C)C(=O)O)cc1,0.0
O=C(Cl)N(c1ccccc1)c1ccccc1,1.0
O=C(Cl)C(=O)Cl,1.0
Cc1ccc(O)cc1,1.0
COS(=O)(=O)C(F)(F)F,1.0
CCCC(=O)OC(=O)CCC,1.0
O=C(Cl)c1cc(Cl)cc(Cl)c1,1.0
CCCCCC(=O)Cl,1.0
C[Si](C)(Cl)c1ccccc1,1.0
CCOC(CN)OCC,1.0
NCCCCCN,1.0
C#CCCl,1.0
CC(C)C=CC(=O)O,1.0
COC(=O)C(=O)Cl,1.0
C=C(C)CCl,1.0
CN1CCN(C)CC1,1.0
S=C=Nc1ccccc1,1.0
CC12C=CC(=O)C=C1CCC1C2CCC2(C)C1CCC2(C)O,0.0
CCc1cccc(O)c1,1.0
Nc1ccc(C(=O)O)cc1,0.0
Cc1ccc(C(=O)Cl)cc1,1.0
N=C(N)NN=Cc1c(Cl)cccc1Cl,0.0
O=C(O)CS,1.0
O=S(=O)(F)C(F)(F)C(F)(F)C(F)(F)C(F)(F)F,1.0
C[Si](Cl)(Cl)CCC(F)(F)F,1.0
CN(Cc1cnc2nc(N)nc(N)c2n1)c1ccc(C(=O)NC(CCC(=O)O)C(=O)O)cc1,0.0
CC1=CC(=O)c2ccccc2C1=O,0.0
CCCCCCCCC(=O)Cl,1.0
CCCCCCCN,1.0
CNCC(O)C(O)C(O)C(O)CO,0.0
CCCCCCCCC=CCCCCCCCCN,1.0
C=C(Cl)C(=O)OC,1.0
O=[N+]([O-])c1cccc(CBr)c1,1.0
CC[Si](OC(C)=O)(OC(C)=O)OC(C)=O,1.0
C[Si](C)(Cl)CBr,1.0
CCCCCN(CCCCC)CCCCC,1.0
O=C(O)C(Br)(Br)Br,1.0
Clc1ccc(C(Cl)(Cl)Cl)cc1Cl,1.0
O=[N+]([O-])c1ccccc1S(=O)(=O)O,1.0
O=C(O)CCCCCCCBr,1.0
C=C(C(=O)O)C(F)(F)F,1.0
CCCCCCCCCCCCCCCCCCCCCCO,0.0
N=C(N)NCCCC(N)C(=O)O,0.0
CCC(C)CC(=O)O,1.0
CC(=O)Nc1c(I)c(C(=O)O)c(I)c(C(=O)NCCO)c1I,0.0
CCN(CC)CCN,1.0
FC(F)(Cl)Cl,0.0
NCCCN,1.0
NCCCN1CCN(CCCN)CC1,1.0
CCOc1ccc(NC(C)=O)cc1,0.0
COc1cccc(CCN)c1,1.0
CCC(C)N,1.0
CCCC(C)C1(CC)C(=O)NC(=S)NC1=O,0.0
CCN(C)C,1.0
Cc1ccc(O)c(C)c1,1.0
CCCCCCCCCCCN,1.0
OC(CNCC(O)C1CCc2cc(F)ccc2O1)C1CCc2cc(F)ccc2O1,0.0
O=C(O)C(F)(F)C(F)(F)C(F)(F)C(F)(F)C(F)(F)C(F)(F)C(F)(F)C(F)(F)F,1.0
O=C(O)P(=O)(O)O,0.0
C=C(C)CBr,1.0
CNCCNC,1.0
Sc1ccccc1Cl,1.0
O=[N+]([O-])c1ccc(CCl)cc1,1.0
CNCCN(C)C,1.0
CCNC(C)C,1.0
CC(OC1OCCN(Cc2nc(=O)n(P(=O)(O)O)[nH]2)C1c1ccc(F)cc1)c1cc(C(F)(F)F)cc(C(F)(F)F)c1,0.0
CCOC(=O)C(Br)C(C)C,1.0
O=C(Cl)c1ccccc1C(F)(F)F,1.0
N#Cc1ccccc1CCl,1.0
CCC(Cl)C(=O)O,1.0
Nc1ccccc1S,1.0
CN(C)C(=S)Cl,1.0
C=CC(Cl)CCl,1.0
Cc1ccc(Cl)c(Nc2ccccc2C(=O)O)c1Cl,0.0
CC(=O)N(O)CCCCCNC(=O)CCC(=O)N(O)CCCCCNC(=O)CCC(=O)N(O)CCCCCN,0.0
O=C1OCCN1N=Cc1ccc([N+](=O)[O-])o1,0.0
ClCc1ccc(Cl)cc1,1.0
CCCCCCCCCCCCCCCCN(C)C,1.0
CC(C)C(=O)O,1.0
BrCc1ccc(Br)cc1,1.0
COc1ccc(CCN)cc1,1.0
O=[N+]([O-])OCC(CO[N+](=O)[O-])O[N+](=O)[O-],0.0
O=S(=O)(Cl)C(Cl)(Cl)Cl,1.0
O=C(NCC(O)=NO)c1ccc(Cl)cc1,0.0
CC1(C)SC2C(NC(=O)C(NC(=O)N3CCN(S(C)(=O)=O)C3=O)c3ccccc3)C(=O)N2C1C(=O)O,0.0
c1ccncc1,1.0
O=C(O)C(F)(F)C(F)(F)C(F)(F)C(F)(F)C(F)(F)F,1.0
O=C(Cl)CCCC(=O)Cl,1.0
O=C(O)C(O)C(O)C(=O)O,0.0
CCCCC(=O)Cl,1.0
CN(C)C(=N)N(C)C,1.0
Cc1cccc(N=C=O)c1,1.0
C[Si](Cl)(Cl)CCl,1.0
COC(=O)C=CC(=O)OC,0.0
CCCCC(CC)CNCC(CC)CCCC,1.0
CCOC(=O)C(Cl)C(C)=O,1.0
CCNC,1.0
C=CC(=O)OCCCO,1.0
OC(C(F)(F)F)C(F)(F)F,1.0
COS(=O)(=O)OC,1.0
O=S(=O)(O)CC(S)CS,0.0
CCN(CC)C(=O)Cl,1.0
CC1OC1P(=O)(O)O,0.0
CCOCC(=O)O,1.0
CCCCCCCN(CC)CCCC(O)c1ccc(NS(C)(=O)=O)cc1,0.0
C=CC1CN2CCC1CC2C(O)c1ccnc2ccc(OC)cc12,0.0
COc1cc(C2c3cc4c(cc3C(O)C3COC(=O)C23)OCO4)cc(OC)c1OC,0.0
O=S(=O)(Cl)c1ccc(I)cc1,1.0
CC(=O)NC(CS)C(=O)O,0.0
CC(C)(Oc1ccc(CCNC(=O)c2ccc(Cl)cc2)cc1)C(=O)O,0.0
CNNCc1ccc(C(=O)NC(C)C)cc1,0.0
CCCc1nc(C(C)(C)O)c(C(=O)O)n1Cc1ccc(-c2ccccc2-c2nn[nH]n2)cc1,0.0
CCCCCCCCCCCCCCCCCCN(C)C,1.0
Cc1ccc(C)c(O)c1C,1.0
CC(C)c1nc(CN(C)C(=O)NC(CCN2CCOCC2)C(=O)NC(CCC(Cc2ccccc2)NC(=O)OCc2cncs2)Cc2ccccc2)cs1,0.0
ClC(Cl)(Cl)c1ccc(C(Cl)(Cl)Cl)cc1,1.0
CCNCCNCC,1.0
NC(=O)NC(=O)Cc1ccccc1,0.0
NCCCCCCCN,1.0
O=C(O)c1cccnc1,0.0
CC(C)=CC(=O)O,1.0
CCCCCCCC(=O)OCC(O)CO,0.0
ClCC=Cc1ccccc1,1.0
O=[N+]([O-])OCC(CO[N+](=O)[O-])(CO[N+](=O)[O-])CO[N+](=O)[O-],0.0
CCCCCCOCCO,1.0
CN1CCC(CN2c3ccccc3Sc3ccccc32)C1,0.0
Cc1c(Cl)cccc1Nc1ccccc1C(=O)O,0.0
CC(CCN(C)C)N(C)C,1.0
CCOP(=O)(Cl)Cl,1.0
CCCc1nc2c(C)cc(-c3nc4ccccc4n3C)cc2n1Cc1ccc(-c2ccccc2C(=O)O)cc1,0.0
CC(C)(N)CN,1.0
CCNCCO,1.0
O=C(Cl)c1ccc(Br)cc1,1.0
CC(C)C(=O)OC(=O)C(C)C,1.0
O=C(Cl)CCc1ccccc1,1.0
CCCCc1ccc(O)cc1,1.0
FC(F)(F)C(F)(F)C(F)(F)C(F)(F)C(F)(F)C(F)(F)C(F)(F)C(F)(F)Br,0.0
O=S(=O)(O)c1cc(O)ccc1O,0.0
CCOC(=O)C#CC(=O)OCC,1.0
COC(=O)C1C2CC3c4[nH]c5cc(OC)ccc5c4CCN3CC2CC(OC(=O)C=Cc2cc(OC)c(OC)c(OC)c2)C1OC,0.0
NCCCCCO,1.0
CC(C)(C)CC(=O)Cl,1.0
CCC(c1cccc(O)c1)C(C)CN(C)C,0.0
CCC(C)(C)N,1.0
CC(O)C(=O)O,1.0
CNC(=O)c1c(I)c(NC(C)=O)c(I)c(C(=O)O)c1I,0.0
O=C(CCl)c1ccc(Cl)cc1Cl,1.0
CC(C)(C)OC(=O)CBr,1.0
C=CC(=O)OCCN(C)C,1.0
CCCC=CC(=O)O,1.0
O=C(O)C(F)(F)C(F)(F)C(F)(F)C(F)(F)C(F)(F)C(F)(F)C(F)(F)C(F)(F)C(F)(F)F,1.0
CNC(C)CCC=C(C)C,0.0
BrCc1ccccc1Br,1.0
C=CC(N)CCC(=O)O,0.0
N=C(N)NC(=O)Cc1c(Cl)cccc1Cl,0.0
Nc1ccc(S)cc1,1.0
CCC(N)CO,1.0
CCc1ccc(C)nc1,1.0
CNC(C)C(O)c1ccccc1,0.0
COc1cc(Br)c2oc(C3CCNCC3)cc2c1,0.0
O=[N+]([O-])c1cccc(S(=O)(=O)O)c1,1.0
C=CC(=O)Cl,1.0
COc1cc(C(C)=O)ccc1OCCCN1CCC(c2noc3cc(F)ccc23)CC1,0.0
Nc1ccc(N)cc1,1.0
CCOC(=O)C(F)C(=O)OCC,1.0
COc1cc2nc(N3CCN(C(=O)c4ccco4)CC3)nc(N)c2cc1OC,0.0
CN(C)C=Nc1c(I)cc(I)c(CCC(=O)O)c1I,0.0
CCCCCN,1.0
CC1CC2C3CC=C4CC(=O)C=CC4(C)C3(F)C(O)CC2(C)C1(OC(=O)c1ccccc1)C(=O)CO,0.0
Cc1ccc(CCl)cc1,1.0
O=C(Cl)OCCCl,1.0
CCC(=O)Cl,1.0
CCC(C)C(=O)O,1.0
Oc1c(C2=CCC(c3ccc(Cl)cc3)CC2)c(O)c2ccccc2c1O,0.0
C#CCN(C)Cc1ccccc1,0.0
NCC(O)c1ccccc1,1.0
Cc1cccnc1,1.0
CCCC=c1ncc(=CC(Cc2cccs2)C(=O)O)n1Cc1ccc(C(=O)O)cc1,0.0
CCC(C)(C)c1ccc(O)cc1,1.0
CC(C)COC(=O)Cl,1.0
CCCCCNCCCCC,1.0
COc1ccc2c(c1)c(CC(=O)NC(C=O)C(O)C(O)C(O)CO)c(C)n2C(=O)c1ccc(Cl)cc1,0.0
CC(C)CCN(CCC(C)C)CCC(C)C,1.0
NCc1cccc(Cl)c1,1.0
COc1ccccc1OCC(O)CO,0.0
CC1Cc2ccccc2N1NC(=O)c1ccc(Cl)c(S(N)(=O)=O)c1,0.0
CN(CCCN)CCCN,1.0
C=CCc1ccccc1O,1.0
Cc1[nH]cnc1CN1CCc2c(c3ccccc3n2C)C1=O,0.0
CCCCOc1ccc(CC(O)=NO)cc1,0.0
CC(N)C(O)c1ccccc1,0.0
CN(C)CCOCCN(C)C,1.0
COC(F)(F)C(Cl)Cl,0.0
CN(C)C(=O)Oc1cc(OC(=O)N(C)C)cc(C(O)CNC(C)(C)C)c1,0.0
O=Cc1ccc(Cl)cc1Cl,1.0
O=C(Cl)CCCCl,1.0
COC(=O)CC(=O)CCl,1.0
N#CCC[Si](Cl)(Cl)Cl,1.0
C=C[Si](Cl)(Cl)Cl,1.0
NCCCC(O)(P(=O)(O)O)P(=O)(O)O,1.0
O=[N+]([O-])c1cccc(CCl)c1,1.0
NC(Cc1ccc(O)c(O)c1)C(=O)O,0.0
CN(C)CCN1C(=O)c2ccccc2N(C)c2ccccc21,0.0
O=C(O)C(F)F,1.0
N=C(N)NCc1cccc(I)c1,0.0
Cc1ccc([N+](=O)[O-])cc1S(=O)(=O)O,1.0
C#CCN(C)C(C)Cc1ccccc1,0.0
Cc1ccccc1C(=O)Cl,1.0
O=C(O)C(F)(F)C(F)(F)C(F)(F)C(F)(F)C(F)(F)C(F)(F)F,1.0
C[Si](Cl)(Cl)c1ccccc1,1.0
O=[N+]([O-])c1ccc(S(=O)(=O)O)cc1,1.0
CCCCCCCCCCP(=O)(O)O,1.0
COc1ccc(S(=O)(=O)O)cc1N,1.0
NC(Cc1ccc(N(CCCl)CCCl)cc1)C(=O)O,0.0
NCCCCCCN,1.0
O=S(=O)(O)C(F)(F)F,1.0
O=Cc1ccc(Cl)c(Cl)c1,1.0
CCCCNCCCC,1.0
CCCCCCC(C)N,1.0
O=C(Cl)c1ccccc1,1.0
Cc1ccc(O)cc1C,1.0
NCCCc1ccccc1,1.0
Cc1ccc([N+](=O)[O-])cc1S(=O)(=O)Cl,1.0
CCN(CC)CCOc1cccc(OCCN(CC)CC)c1OCCN(CC)CC,0.0
CC12C=CC(=O)C=C1C(F)CC1C2C(O)CC2(C)C1CCC2(O)C(=O)CO,0.0
CCSCCCl,1.0
O=C(Cl)c1ccccc1Cl,1.0
CCCCCCC(=O)OC(=O)CCCCCC,1.0
CCCCCCCCP(=O)(O)O,1.0
CCOC(=O)C(c1c(O)c2ccccc2oc1=O)c1c(O)c2ccccc2oc1=O,0.0
CCCCCCC(=O)Cl,1.0
COc1ccc(O)cc1,0.0
NCCN(CCN)CCN,1.0
CCN(CC)CC,1.0
NCc1ccc(S(N)(=O)=O)cc1,0.0
Cc1nnc2n1-c1ccc(Cl)cc1C(c1ccccc1Cl)=NC2,0.0
CCCCNCC,1.0
CCC(Br)C(=O)OC,1.0
CC(C)C(=O)Cl,1.0
CC(N)C(O)c1ccc(O)c(O)c1,0.0
NC(=O)OCC(O)COc1ccc(Cl)cc1,0.0
NCC(CC(=O)O)c1ccc(Cl)cc1,0.0
CC=CC(=O)O,1.0
C=C(C)C(=O)OCC1CO1,1.0
CCC(CO)NCCNC(CC)CO,0.0
CCN(CC)CCNC(=O)c1cc(Cl)c(N)cc1OC(C)C(C)=O,0.0
CCCCN,1.0
COc1ccc(OC)c(C(O)C(C)N)c1,0.0
CCCCNC(=O)NS(=O)(=O)c1ccc(C)cc1,0.0
NCCNCCO,1.0
Nc1ccc(S(=O)(=O)NC(=O)c2ccccc2)cc1,0.0
O=P(O)(O)C(Sc1ccc(Cl)cc1)P(=O)(O)O,0.0
O=C(O)CC(=O)C(=O)O,1.0
CCOC(=O)C=CC(=O)O,0.0
COc1cccc(C(=O)CBr)c1,1.0
O=C(O)CCC(F)(F)F,1.0
O=C(CBr)c1ccc(O)cc1,1.0
Cc1cccc(CCl)c1,1.0
O=C(O)C(S)C(S)C(=O)O,0.0
CCC(C)(C)C(=O)O,1.0
CCN(C)C(=O)Oc1cccc(C(C)N(C)C)c1,0.0
CCCOc1cc(N)ccc1C(=O)OCCN(CC)CC,0.0
CN(C)CCCCCCN(C)C,1.0
CC[Si](Cl)(Cl)Cl,1.0
O=C(O)Cc1sc(-c2ccccc2)nc1-c1ccc(Cl)cc1,0.0
COS(=O)(=O)c1ccc(C)cc1,1.0
C=CC(=O)O,1.0
CC(C)NCC(O)c1cc(O)cc(O)c1,0.0
CCCCC(CC)CN,1.0
CNC1(c2ccccc2Cl)CCCCC1=O,0.0
Cc1cc(C)c(C)c(O)c1,1.0
CC(C)(C)C(=O)C(=O)O,1.0
CC(N)(Cc1ccc(O)cc1)C(=O)O,0.0
CCOC(=O)C(F)(F)F,1.0
CCCC(C)(COC(N)=O)COC(N)=O,0.0
COCCN,1.0
C=CCC(=O)O,1.0
CC(Cl)CC(=O)O,1.0
CCOC(=O)CF,1.0
NOS(=O)(=O)O,1.0
CCCCNCc1ccccc1,1.0
O=[N+]([O-])c1cc([N+](=O)[O-])c(O)c([N+](=O)[O-])c1,0.0
NC(=O)NC(=O)C(Oc1ccc(Cl)cc1)Oc1ccc(Cl)cc1,0.0
O=C(O)CCCCCCBr,1.0
Cc1onc(-c2c(Cl)cccc2Cl)c1C(=O)NC1C(=O)N2C1SC(C)(C)C2C(=O)O,0.0
NCCc1ccccc1,1.0
ClCC1CO1,1.0
C=COCC(F)(F)F,0.0
CCC(C)CN,1.0
BrCc1ccc(CBr)cc1,1.0
CCC(O)CN,1.0
CC1CC2C3CC(F)C4=CC(=O)C=CC4(C)C3(F)C(O)CC2(C)C1(O)C(=O)CO,0.0
CC#CC(=O)O,1.0
O=C(Cl)CCCl,1.0
NCCc1cccnc1,1.0
CC(C)CC(=O)OC(=O)CC(C)C,1.0
CN(C(=O)CN(CCO)CC(=O)N(C)C(C)(C)Cc1ccccc1)C(C)(C)Cc1ccccc1,0.0
CC(C)(Br)C(=O)Br,1.0
O=C(O)C=CCBr,1.0
CN(C)CCCN(C)CCCN(C)C,1.0
NCCCCCCNCCCCCCN,1.0
CC(C)(O)C(C)(O)c1ccc(Cl)cc1,0.0
CCOC(=O)C(C)(N)Cc1ccc(O)c(O)c1,0.0
Cc1ccccn1,1.0
CC(=O)OCC(=O)C1(O)CCC2C3CC=C4CC(=O)CCC4(C)C3=CCC21C,0.0
NCc1cccnc1,1.0
CNC(C)Cc1ccccc1,0.0
CCC(Br)C(=O)Cl,1.0
COC(=O)C(Cl)C(C)=O,1.0
O=C(O)C(O)C(O)C(O)C(O)C(=O)O,0.0
O=C(Cl)c1cc(C(=O)Cl)cc(C(=O)Cl)c1,1.0
C#CC(O)(C=CCl)CC,0.0
CCOC(=O)C#N,1.0
O=C(NCCO[N+](=O)[O-])c1cccnc1,0.0
CCCc1ccc(O)cc1,1.0
O=C(Cl)Cc1ccccc1,1.0
CCCN=C=S,1.0
IC(I)I,0.0
CNCC(O)c1ccc(O)c(O)c1,0.0
CN(C)CCN(C)C,1.0
C=CCC1(C(C)CCC)C(=O)NC(=S)NC1=O,0.0
NCc1ccncc1,1.0
CCN(CC)c1ccc(N)cc1,1.0
NCc1ccc(F)cc1,1.0
CCOCCl,1.0
C=C[Si](C)(C)N[Si](C)(C)C=C,1.0
Cc1ccccc1CBr,1.0
BrC(Br)c1ccccc1C(Br)Br,1.0
CCCCCC(=O)OC(=O)CCCCC,1.0
COc1ccc2c(CBr)cc(=O)oc2c1,1.0
CC(C)CCNCCC(C)C,1.0
NCCCCCC(=O)O,0.0
CC(C)(S)C(N)C(=O)O,0.0
Cc1ccccc1CN,1.0
Sc1ccc(Cl)cc1,1.0
C=C(C)c1cccc(C(C)(C)N=C=O)c1,1.0
O=C(Cl)c1ccc(Cl)cc1Cl,1.0
CC(=O)N(CC(C)C(=O)O)c1c(I)cc(I)c(N)c1I,0.0
CCOC(=O)C1=CC(OC(CC)CC)C(NC(C)=O)C(N)C1,0.0
O=C(O)C(Br)CBr,1.0
NNc1ccc(S(=O)(=O)O)cc1,1.0
O=CCCl,1.0
CC(C)(C)NCCO,1.0
O=S(=O)(O)c1ccc(Cl)cc1,1.0
CCCC(=O)Nc1c(I)cc(I)c(CC(CC)C(=O)O)c1I,0.0
CC(C)(C)CC(C)(C)N,1.0
CN(C)Cc1ccccc1O,1.0
CCC(=O)OC(=O)CC,1.0
CCCCCCCCCCCCCCCCN,1.0
NC(Cc1ccc(O)cc1)C(=O)O,0.0
CCOS(=O)(=O)OCC,1.0
O=S(=O)(O)c1ccccc1,1.0
Cc1cccc(C(C)(C)C)c1O,1.0
O=S(=O)(F)C(F)(F)C(F)(F)C(F)(F)C(F)(F)C(F)(F)C(F)(F)C(F)(F)C(F)(F)F,1.0
CC(N)c1ccccc1,1.0
CN(N=O)C(=O)NC(C=O)C(O)C(O)C(O)CO,0.0
C=C[Si](C)(C)Cl,1.0
COCCCOc1cc(CC(CC(N)C(O)CC(C(=O)NCC(C)(C)C(N)=O)C(C)C)C(C)C)ccc1OC,0.0
COc1ccc(CCN2CCC(Nc3nc4ccccc4n3Cc3ccc(F)cc3)CC2)cc1,0.0
O=C(Cl)C(Cl)Cl,1.0
O=S(=O)(Cl)c1ccc(Cl)c(Cl)c1,1.0
CCOC(=O)C(C)(C)Br,1.0
CC(C)Cc1ccc(C(C)C(O)=NO)cc1,0.0
C=C1C(=CC=C2CCCC3(C)C2CCC3C(C)C=CC(O)C2CC2)CC(O)CC1O,0.0
CC(C)(C)NCCNC(C)(C)C,1.0
O=C(O)C#CC(=O)O,1.0
CC(S)C(=O)NCC(=O)O,0.0
O=C(CBr)c1ccc(Br)cc1,1.0
C=Cc1ccncc1,1.0
CC(C)NCC(O)c1ccc(NS(C)(=O)=O)cc1,0.0
CC(S)C(=O)O,1.0
CNC(C)Cc1ccccc1OC,0.0
Cc1ccc(C(C)(C)C)c(O)c1,1.0
CCCCCCCCCCCCCN,1.0
C[Si](C)(Cl)CCl,1.0
NCCNCCNCCN,1.0
C=CC(=O)NC(C)(C)CS(=O)(=O)O,1.0
Cc1cc(C)c(C(=O)Cl)c(C)c1,1.0
O=C(OC(=O)C(F)(F)F)C(F)(F)F,1.0
COc1ccccc1O,0.0
CCCCCCCCCCCCS,1.0
C=CC(=O)OCC,1.0
CC1=CC(=O)c2c(O)cccc2C1=O,1.0
CC=C(C)C(=O)O,1.0
NCCCCC(NC(CCc1ccccc1)C(=O)O)C(=O)N1CCCC1C(=O)O,0.0
C#CC(C)(O)CC,0.0
Oc1ccc(Cl)cc1,1.0
O=C1N=C(c2ccccc2)c2cc(Cl)ccc2NC1O,0.0
CC(N)Cc1ccc(O)cc1,0.0
ClCc1c2ccccc2cc2ccccc12,1.0
Cc1cc(C)c(O)c(C)c1,1.0
O=C(C(O)CO)C(O)CO,0.0
CC(O)CN(C)C,1.0
CC(=O)NCC1CN(c2ccc(N3CCOCC3)c(F)c2)C(=O)O1,0.0
CC(=O)OCC(=O)C1(O)C(C)CC2C3CC(F)C4=CC(=O)C=CC4(C)C3C(O)CC21C,0.0
Clc1cccc(Cl)c1C(Cl)Cl,1.0
O=C(CBr)c1ccc(Cl)cc1,1.0
O=C=Nc1ccccc1Cl,1.0
CCCCCCCCCC(=O)Cl,1.0
O=P(Cl)(Cl)Oc1ccccc1,1.0
O=C(Cl)c1ccc(C(=O)Cl)cc1,1.0
NCCNCCNCCNCCNCCN,1.0
CC(N)C(O)c1cccc(O)c1,0.0
CCCCC(CC)COC(=O)Cl,1.0
CC(C)(C)C(=O)OC(=O)C(C)(C)C,1.0
NCCC(O)C(=O)NC1CC(N)C(OC2OC(CN)CCC2N)C(O)C1OC1OC(CO)C(O)C(N)C1O,0.0
COC(=O)C1C2CC3c4[nH]c5cc(OC)ccc5c4CCN3CC2CC(OC(=O)c2cc(OC)c(OC)c(OC)c2)C1OC,0.0
CC12CC(=O)C3C(CCC4CC(O)CCC43C)C1CCC2C(=O)CO,0.0
CC1CC2C3CC(F)C4=CC(=O)C=CC4(C)C3(F)C(O)CC2(C)C1(O)C(=O)SCF,0.0
CCCCc1nc(Cl)c(CO)n1Cc1ccc(-c2ccccc2-c2nn[nH]n2)cc1,0.0
CC(=O)O[Si](C)(OC(C)=O)OC(C)=O,1.0
Oc1cccc2cc3cccc(O)c3c(O)c12,0.0
CC(CN)CCCN,1.0
CCN(CC)CCOC(=O)c1ccc(N)cc1,0.0
CC(Cl)C(=O)O,1.0
CS(=O)(=O)c1ccc(C(O)C(CO)NC(=O)C(Cl)Cl)cc1,0.0
CCCCCCCC(=O)O,1.0
CC(O)CN,1.0
Cc1nnc(C(C)C)n1C1CC2CCC(C1)N2CCC(NC(=O)C1CCC(F)(F)CC1)c1ccccc1,0.0
CCCCC(CC)C(=O)O,1.0
Cc1ccc(C)c(O)c1,1.0
NCc1ccc(CN)cc1,1.0
C[Si](C)(C)CCl,1.0
C=CC(=O)OCCCCOC(=O)C=C,1.0
C[Si](C)(C)N[Si](C)(C)C,1.0
CN(C)CCN,1.0
NCCOP(=O)(O)O,1.0
CCCCO[Si](OCCCC)(OCCCC)OCCCC,1.0
O=C(O)CCCC=CCC1C(O)CC(O)C1C=CC(O)COc1cccc(Cl)c1,0.0
CCCCCCCCCC(=O)OC(=O)CCCCCCCCC,1.0
CC(C)(C)N,1.0
NCC(F)(F)F,1.0
O=C(O)CCI,1.0
O=[N+]([O-])c1cc(S(=O)(=O)Cl)ccc1Cl,1.0
COc1ccc(OC)c(C(O)CNC(=O)CN)c1,0.0
O=C(O)CCCCBr,1.0
CC(C)S(=O)(=O)Cl,1.0
C[Si](C)(C)Cl,1.0
O=C(O)CCS,1.0
CCOC(=O)C(C)(Br)C(=O)OCC,1.0
Cc1ccc(C(C)C)c(O)c1,1.0
CC(NC(CCc1ccccc1)C(=O)O)C(=O)N1CCCC1C(=O)O,0.0
CCCc1cc(C(N)=S)ccn1,0.0
Cn1cc[nH]c1=S,0.0
COc1ccccc1OCC(O)COC(N)=O,0.0
CCOC(=O)c1ccc(N)cc1,0.0
O=S(=O)(Cl)c1ccccc1,1.0
