molecules,pkb
N=C(c1ccccc1)c1ccc(O)cc1,6.45
Cc1ccc([N+](=O)[O-])c2c(NCCCN(C)C)cc(-c3ccccc3)nc12,5.43
O=c1nc2[nH]cnc2c[nH]1,8.43
COc1cc([S+](C)[O-])ccc1-c1nc2ccncc2[nH]1,6.16
CC1CCN(C(C)C=C(c2cccs2)c2cccs2)CC1,8.2
Nc1c2[nH]cnc2nc[n+]1[O-],2.6
O=C(O)c1cccc(O)c1,-1.01
O=C(Cc1ccccc1Nc1c(Cl)cccc1Cl)OCCCCN1CCOCC1,8.4
NCc1ccccc1[N+](=O)[O-],8.59
Nc1ccc(C=Cc2cc(N)c3ccccc3n2)cc1,9.5
COc1ccc2c(c1)[nH]c1c(C)nccc12,7.73
COCCNc1ccc(OC)cc1,5.02
Cc1cccc2[nH]cnc12,5.67
C[n+]1ccccc1-c1ccccn1,0.31
c1ccc(-c2cc[nH]n2)nc1,4.46
ON=Cc1cccnc1,3.94
NC(=O)C(c1ccccc1)c1ccccn1,3.8
CCCN(CCC)c1ccccc1,6.13
OC1(c2ccco2)CN2CCC1CC2,9.06
CCCN(CCC)Cc1ccccc1O,8.3
NCc1cccc(O)c1,9.06
C[Si](C)(C)OC1CN(Cc2ccc(Cl)cc2)C1,7.72
CSc1cccnc1,4.45
O=C(O)C1CC(O)CN1,9.64
CC(C)C12CNC(C(=O)O)C1CC(=O)O2,7.8
CCOCCn1c(N2CCCN(CCCCn3cccn3)CC2)nc2ccccc21,8.5
O=Cc1ccc(-c2ncc(-c3ccccc3)o2)cc1,0.02
CNCc1ccccc1,9.64
Nc1cccc(Br)c1,3.41
COc1cc(C)ncn1,3.65
CNc1cc[nH]c(=S)n1,11.1
N#CC(C#N)N=Nc1ccc(CCCl)cc1,-0.81
COCc1cccc(COC)n1,3.43
CC1=NCCCC1,9.57
Clc1nc2cc3c(cc2[nH]1)CCCC3,2.68
Cc1nc(C)nc(N)n1,3.6
Cc1cc(N)c(C)cn1,9.68
OCCN(CCO)c1ccccc1,4.11
Nc1ccnc2c1ncn2CCOCP(=O)(O)O,5.52
Cc1cccc(C)c1N(C)C,5.85
CN1CCN(C(c2ccccc2)c2ccccc2)CC1,8.05
N#Cc1ccccc1N,0.95
O=C(O)Cc1nc2ccccc2[nH]1,4.1
NC12CCC(CC1)C2,10.19
c1ccc(C2=Nc3ccccc3CO2)cc1,3.48
O=[N+]([O-])c1ccc(O)c(CN2CCCCC2)c1,10.54
COc1ccc(I)cc1C(=O)NC1CC2CCC(C1)N2Cc1ccccc1,8.79
Cc1ccno1,2.3
Nc1ccc(C(=O)c2ccc(N)cc2)cc1,2.92
NC12CCC(C1)C2,9.3
OCCCCCc1cccnc1,5.72
NCC(=O)NC(Cc1c[nH]cn1)C(=O)O,7.455
C=C(C)C1CNC(C(=O)O)C1CC(=O)OC,9.52
COc1ccc(CCN)cc1OC,9.87
COC(=O)c1ccncc1,3.38
CNc1ccccc1C,4.59
NC1(C(=O)O)CCCC1,10.06
CCc1cccnc1,5.57
Nc1c2ccccc2nc2c(N)cccc12,9.3
Cc1cnc2c(cc(C)c3cccnc32)c1C,5.93
CC(Cc1ccccc1)NCCC#N,7.23
Oc1cccc2ccnnc12,2.72
CN(C)CCCN=C(c1ccccc1)c1ccccc1O,9.3
Nc1ccc([N+](=O)[O-])cc1,1.03
CSc1ccc(N)c([N+](=O)[O-])c1,-0.28
Oc1cc2ccccc2cc1C1=NCCN1,10.85
Cc1ccc(N=Nc2ccc(N(C)C)cc2)cc1C,2.37
CC(C)(C)c1cc(N)cc(C(C)(C)C)c1,4.97
Nc1cc(N2CCOCC2)nc(N)n1,6.73
CCc1cnnc(C)c1,4.17
CSc1ccc(N)cc1,4.4
C[S+]([O-])Cc1ccccn1,3.1
Nc1ncc(Cl)s1,3.66
CN(C)Cc1cccc(O)c1O,8.01
CC1NC(CCCCCCCC(=O)O)CCC1O,10.4
COc1cc([S+](C)[O-])ccc1-c1nc2ccnnc2[nH]1,3.63
Nc1cccnc1N,6.84
COc1cccc(OC)c1-c1nc2ccncc2[nH]1,6.34
O=C(O)c1cccc2cc3ccccc3nc12,7.72
NCCCCBr,10.0
CCC(C)N(C)c1ccccc1,6.03
CCN(CC)CCS(=O)(=O)c1ccc(OC)c(OC)c1OC,7.41
Cc1ccc(C)c(N)c1,4.47
CNCCc1ccc(O)cc1,9.36
CC1=CSC2=NCCCN12,10.31
CCN(C)c1ccccc1,6.02
CCn1nnc(CC(=O)O)n1,3.45
Cc1nn(-c2ccccc2)c(C(=O)O)c1C(=O)O,5.89
c1cc(N2CCCC2)c2c(N3CCCC3)cccc2c1,9.97
OCc1ccncc1,5.41
Cc1cc(=O)[nH]c(O)[n+]1C,10.06
CCCCc1nc(N)c2ncsc2n1,3.49
Nc1cccc(F)c1,3.41
Cc1[nH]nc2ncnc(N)c12,4.61
NCCCc1ccccn1,10.1
COc1c(CN)cc(C)cc1CN,8.85
CN1CCN(C(c2ccccc2)c2ccc(Cl)cc2)CC1,7.81
c1ccc(C2=NCCN2)nc1,8.98
CNNC1CCN(C)CC1,8.7
C(=Cc1ccncc1)c1ccncc1,5.695
CCOCCn1c(CN2CCCN(CCCCn3cc(C(=O)O)cn3)CC2)nc2ccccc21,9.1
COC(=O)c1cccnc1,3.23
CCn1ccnc1C,8.09
CSc1ccc(N)c(Cl)c1,2.56
NCCCCCc1ccncc1,10.3
CCOCCNc1ccc(C)cc1,4.6
N=C(SCc1ccccc1)c1ccccc1,4.43
Nc1c2ccccc2nc2c1ccc1c([N+](=O)[O-])cccc12,7.1
Nc1nc(=S)c2[nH]cnc2[nH]1,8.2
O=C1NC(Cc2c[nH]cn2)C(=O)NC1Cc1c[nH]cn1,6.05
NCCCCc1ccccn1,10.3
CCCOC(=O)c1ccc(N)cc1,2.49
CCOCCn1c(CN2CCCN(CCCCn3cccn3)CC2)nc2ccccc21,9.2
c1ncc2c[nH]nc2n1,2.84
Clc1cn[nH]c1,1.24
Cn1ncc2c(N)nc(Cl)nc21,2.69
Nc1[nH]c(=S)[nH]c(=O)c1C1=CCCCC1,7.11
CCOCCNc1ccccc1,4.04
CNc1ccn(C)c(=O)n1,4.47
Cc1ncc2nc(C)c(C)nc2n1,3.76
COc1ccc(-c2cn3cccnc3n2)c(OC)c1,4.34
CNc1c2ccccc2nc2cccc([N+](=O)[O-])c12,7.2
NCCCc1cccnc1,10.05
CN(C)C1CCNCC1,10.66
COc1cccc(=O)[nH]1,9.77
N#Cc1ccc(CN)cc1,8.72
Cc1ccc(N=CN(C)C)cc1,9.21
Nc1ccc2cccc([N+](=O)[O-])c2c1,2.86
c1ccc2c3c([nH]c2c1)CNCC3,8.4
O=C(O)CCc1nc2ccccc2[nH]1,5.7
CC(Cc1ccccc1)N(C)CCC#N,6.95
Cn1ncc2c(NCCO)ncnc21,3.86
CC(C)NCC(O)c1cccc(N)c1,9.6
Cc1ccc(Cl)cc1C(=NCCCN(C)C)c1ccccc1,8.8
NC(=S)NCc1ccccc1,0.86
NOCc1ccc([N+](=O)[O-])cc1,3.96
Oc1cccnc1,8.6
COC(=N)N,9.72
CN1C(CC(=O)c2ccccc2)CCCC1CC(O)c1ccccc1,8.0
Cc1ccnc(-c2cc(C)ccn2)c1,5.32
Nc1ncc(S(=O)(=O)c2ccccc2)s1,1.79
O=[N+]([O-])c1ccc2[nH]c(C(F)(F)F)nc2c1,0.18
Cn1cccnc1=O,2.5
O=C(O)c1nccc2ccccc12,4.97
Oc1cccc2scnc12,1.25
CN(C)c1ccc(C(=O)O)cc1,2.57
c1cc2[nH]cnc2cn1,6.1
Cn1nccc1N,4.23
Nc1ncccn1,3.55
CCOCCn1c(CN2CCN(CCCCn3cc(C(=O)O)cn3)CC2)nc2ccccc21,8.0
CCN(CC)c1ccccc1,6.6
CCOCCNc1ccc(OC)cc1,4.99
Ic1cccnc1,3.25
Cc1ccc(C2CCCN2C)cn1,3.78
Nc1nccc(-c2csc(N)n2)n1,3.3
Nc1cnc2c(N)nc(N)nc2n1,6.3
NCCNCc1ccccc1,9.41
Cn1cccnc1=N,10.75
CCN(CC)CCNc1nc(C)cc(Nc2ccc(Cl)cc2)n1,9.6
CCCCOC(=N)c1ccccc1,6.09
Nc1ccc2cnccc2c1,7.17
COc1ncnc2c1cnn2C,2.51
c1nc(Cc2c[nH]cn2)c[nH]1,7.63
CCC1(O)CC(C)NC2CCCCC21,10.0233333333333
CNC(C)C(O)c1ccccc1,9.67666666666667
NC(=O)NOCCC(N)C(=O)O,8.9
Oc1ccc2nc3ccccc3cc2c1,5.52
COc1ccc(N)cn1,4.24
O=C(O)CCCc1c[nH]cn1,7.62
Cc1n[nH]c(C)c1[N+](=O)[O-],-0.22
COc1ccc(CC(C)N)cc1OC,9.6
NNC(=O)c1ccccc1,3.02
COc1ccc(C2CCCN2C)cc1,8.9
COc1ccc(OC)c2c1nc(CCl)n2C,4.1
Nc1ccc([I+]c2ccccc2)cc1,1.66
CC1=NC(=O)C(c2ccccc2)=NC1,9.3
OCc1c[nH]cn1,6.38
N#Cc1cncc2ccccc12,2.04
CN(C)c1ccc(C(=N)c2ccc(N(C)C)cc2)cc1,10.71
COC(=O)c1ncccn1,-0.68
CC1=Nc2ccccc2CO1,4.64
CC(N)CCC(=O)O,10.43
Nc1ccc(S(N)(=O)=O)cc1,2.11
CN(C)c1ccc(N=O)cc1,4.54
c1ccc(-c2ncc[nH]2)nc1,5.46
Cc1nc(-c2ccccc2SCc2ccccc2)[nH]c1C,7.0
Nc1ncc(Br)s1,3.61
Nc1cc(Br)cc(Br)c1,2.49
CN(C)c1ccc(N=Nc2ccccn2)cc1,4.5
Nc1nnnn1-c1cccc([N+](=O)[O-])c1,0.47
NC(Cc1nc[nH]n1)C(=O)O,10.7
COc1cc([S+](C)[O-])ccc1-c1nc2cccnc2[nH]1,3.9
CCCCCCCCCNCc1ccc(C)cc1,9.48
Nc1c2ccccc2nc2ccccc12,9.99
Nc1ccc(-c2ncc(-c3ccccc3)o2)cc1,3.01
Brc1ccc(Nc2ccccc2)cc1,1.73
NCc1ccncc1,8.3
Cc1cnc(N(C)C)s1,6.08
CCCNc1ncnc2c1cnn2C,4.25
Oc1ccc(N=Nc2ccncc2)cc1,4.65
CCCNC1c2ccccc2C=Cc2ccccc21,8.9
NC(=O)CC(NC(=O)C(N)CS)C(=O)O,7.05
CN(C)C=Nc1cccc(Cl)c1,7.97
COc1c(N)cccc1C(=O)NC1CC2CCC(C1)N2Cc1ccccc1,8.86
OC1COC(n2cnc3cncnc32)C(O)C1O,1.8
COc1ccc(N=Nc2ccncc2)cc1,4.53
NCCCCCN,10.29
NC(=O)c1cccnc1,3.32
CN(C)Cc1cc(Br)ccc1O,10.71
C[n+]1ccc(-c2nc3ccccc3[nH]2)cc1,2.26
ON=C(Cc1ccccc1)NO,4.25
O=[N+]([O-])c1ccc2c[nH]nc2c1,0.66
COc1ccccc1N,4.51
c1cnc2ncncc2n1,4.13
N#CC(C#N)N=Nc1c(Cl)cccc1Cl,-0.67
N#Cc1ccc(N)cc1,1.74
CC(C)n1cnc2ccccc21,5.74
C(=Nc1ccccc1)c1ccccc1,4.55
CC(C)N(Cc1ccccc1O)C(C)C,7.55
Cc1cc(CN)c(O)c(CN)c1,9.7
Nc1nccnn1,4.0
Cc1c(N)ccc2c1-c1c(ccc3ccccc13)C2,4.49
C(=Nc1ccccc1)Nc1ccccc1,6.3
COc1ccc(CC(C)N)cc1,9.53
COc1cc(C(N)=O)ccc1-c1nc2cn(C)nc2[nH]1,3.98
O=C1Cc2ccccc2C1,12.2
c1cc(N2CCCCC2)ccc1N1CCCCC1,6.5
CCOC(=O)N1CCNCC1,8.28
CN1CC=CCN1C,5.7
N=C(c1ccccc1)c1ccccc1O,5.0
Nc1ccc(Cl)cc1[N+](=O)[O-],-0.88
NC(Cc1[nH]c(I)nc1I)C(=O)O,9.76
COc1ccc(-c2cnc(-c3ccc(OC)cc3)o2)cc1,1.41
CCCCc1ccccc1N,4.26
Cc1cnc2c(c1)c(C)c(C)c1cc(C)cnc12,5.54
Cn1ccnc1-c1ccccn1,5.7
c1ccc(CN(Cc2ccccc2)Cc2ccccc2)cc1,7.44
CC(C)Nc1ccccc1,5.67
CCCCc1ccc(C(=O)O)nc1,5.7
Cc1ccc(N)cc1Br,4.02
Cc1ccc(C2=NCCC2)cc1,6.41
CC1CCN2CCC(O)C12,10.92
Clc1cncc(Cl)c1,0.55
Nc1nc(NCO)nc(NCO)n1,4.65
CNC(=O)C1CCCCN1,8.8
CC(N)c1ccccc1,9.36
CCc1ccc(N=Nc2ccc(N(C)C)cc2)cc1CC,2.58
C[Si](C)(C)OC1CN(Cc2ccc(F)cc2)C1,7.91
CN(C)c1ccc([N+](=O)[O-])cc1,0.69
CCCCCCNc1ccccc1,5.21
Cn1cnc2cc(N)ccc21,6.29
Cn1cnc2ccccc21,5.65
Cc1c[nH]c(C)c1C,3.94
COc1c(C)ncc(CO)c1C=O,4.75
OC(c1ccccc1)(c1ccccc1)c1ccccn1,3.9
Cc1ccccc1N=C(N)Nc1ccccc1C,9.67
NCCc1cccc(O)c1O,8.6
c1ccc2c(c1)cnc1ccccc12,4.58
O=[N+]([O-])c1ccc(-n2cnnn2)cc1,-3.92
CC1=CC(=C2C=CC=CC=C2)C=C(C)C1=O,6.26
CC(N)C(O)c1ccc(O)cc1,8.69
CCOC(=O)C1CN2CCC1CC2,9.64
COC1=CC=C2C3Cc4ccc(OC)c5c4C2(CCN3C)C1O5,8.15
Clc1ccccn1,0.72
O=[N+]([O-])c1cccc2[nH]ncc12,0.42
CCOC(=O)Cc1nc2ccccc2[nH]1,5.7
O=C(CCN1CCOCC1)c1ccccc1,6.5
Nc1cc(O)n(CCCCC(N)C(=O)O)c1O,9.5
COC(=O)C1CSCN1,3.92
ONc1ccccc1,-0.32
O=[N+]([O-])c1ccc2[nH]c(-c3ccccc3)nc2c1,2.95
Nc1ccc(-c2ccc(N=Cc3ccccc3O)cc2)cc1,7.68
CCN(CC)c1ccc(C)cc1,7.18
CNC(=O)c1ccncc1,3.8
Nc1ccc(Br)cc1Br,2.3
NCc1cc(N)cc(Cl)c1,9.54
O=C(O)C1OC(Oc2ccc3cccnc3c2)C(O)C(O)C1O,5.32
Cc1ccc(S(=O)(=O)NCCC(=N)N(C)C)cc1,11.4
CCCCCCNCc1ccc(C)cc1,10.17
Nc1c[nH]c(=S)nc1N,10.39
CCCCOC(=O)c1ccc(N)cc1,2.47
Cc1nc2cc(N)ccc2[nH]1,6.95
Cc1ncc(CO)c(CO)c1O,4.96
NCc1ccc(F)c(O)c1,10.04
COc1ccc2ccc(OC)c(N3CCOCC3)c2c1N1CCOCC1,13.0
Cc1ccc(N)cc1,5.04
CN(C)C=Nc1ccc(Br)cc1,8.1
Nc1cc(C=Cc2ccccc2)nc2ccccc12,9.3
Nc1ccc(O)cc1,5.54
CCNc1nc(NCC)nc(NCC)n1,5.84
COc1ccccn1,3.34
Cc1ccc(CNCCN)cc1,9.41
NC(Cc1c[nH]cn1)C(=O)NCC(=O)O,7.82
O=c1cc[nH]cn1,8.59
c1ccc(-c2cc3c(-c4ccccc4)ccnc3c3ncccc23)cc1,4.69
CC(=O)N1CCNc2ncnc(C)c21,5.26
CCCCNc1cc[nH]c(=O)n1,4.69
NCc1ccccc1O,8.89
CNc1cccc2ccccc12,3.7
Cc1ccc(NCO)cc1,3.42
CC1CCCC(C)(C)N1,11.27
Cc1nc2cccnc2[nH]1,4.6
c1ccc(-n2cnnn2)cc1,-3.41
Cc1nc2ccccc2[nH]1,6.3
CCCCCCCNc1ccccc1,5.09
Cc1cnnc(C)c1,4.11
CCn1cncn1,2.39
c1ccc(NC2CCCCC2)cc1,5.6
CCCCN(CCCC)c1ccccc1,6.41
Cc1cc[nH]n1,3.66
Cc1ccccc1C(=NCCCN(C)C)c1ccc2ccccc2c1,8.9
CC(C)(C)c1ccc(N)cc1,4.95
COc1ccc(OC)c2c1nc(C)n2C,6.12
CCn1nc(-c2ccccc2)sc1=N,6.1
CC(=O)c1ccccn1,-0.46
Nc1ccc2cc([N+](=O)[O-])ccc2c1,2.9
c1csc(C2CCCN2)c1,9.35
NCCC[n+]1cc(Br)c2ccccc2c1,9.53
COc1cc(S(N)(=O)=O)cc(C(=O)NC2CC3CCC(C2)N3Cc2ccccc2)c1OC,8.87
c1ccc2cnccc2c1,5.36
Nc1cc[nH]n1,4.11
Cn1c(-c2ccccn2)nc2ccccc21,4.47
Nc1nc(=O)c2[nH]cnc2[nH]1,12.3
O=C1C=C2C=CC=CC2N=N1,8.61
Cc1ccc(OC(=O)CCCCN(C)C)cc1,9.87
CCOCCn1c(CN2CCN(CCCCn3cccn3)CC2)nc2ccccc21,7.9
N#CC(C#N)N=Nc1cccc(Cl)c1,-0.78
Nc1ccc(N=Nc2ccccc2)cc1,2.82
N#Cc1cc(-c2ccccc2)nnc1NCCN1CCOCC1,6.5
Nc1cccc2ccc3ncccc3c12,5.03
Clc1ccc(CNc2ncnc3[nH]ncc23)cc1,3.96
COc1cccc(C(=N)c2ccccc2)c1,6.59
COc1ccc(-c2cnc(-c3ccc(N)cc3)o2)cc1,3.22
O=Cc1ccncc1,4.63
CC(=O)N(N)C1CCN(C)CC1,8.7
C[Si](C)(C)CNc1ccccc1,5.3
CCOc1ccc2[nH]c(CC)nc2c1,6.27
COc1c(Br)cccc1C(=O)NC1CC2CCC(C1)N2Cc1ccccc1,8.73
CCc1ccc(N)cc1,5.16
CC(=O)Nc1ccc(S(=O)(=O)Nc2nccc(C)n2)cc1,0.9
O=C(O)C1OC(Oc2cccc3cccnc23)C(O)C(O)C1O,4.62
Cc1cn2nc(-c3ccccc3)cc(C)c2n1,5.3
Nc1cc(-c2ccccc2)nc2ccccc12,8.2
c1ccc(Oc2ccccn2)cc1,2.35
c1coc(-c2ccncc2)c1,5.6
O=S(=O)(Nc1ncccn1)c1ccccc1,0.15
Cc1cc(CO)c(C)c(C)n1,7.3
COc1cccc(OC)c1-c1nc2cccnc2[nH]1,4.85
CCOC(=O)C(N)CC,7.71
NC1CCc2ccccc21,9.21
Cc1ccc([N+](=O)[O-])cc1C(=NCCCN(C)C)c1ccccc1,8.8
Fc1cccnc1,2.97
O=P(O)(O)c1cn2c(n1)C(O)C(O)C(O)C2CO,7.69
Nc1ccc(Cl)cc1N,4.3
Cn1cnc2c[nH]c(=O)nc21,9.19
CCN=c1sc(-c2ccccc2)nn1CC,6.7
COC(=O)c1ccc(N(C)C)cc1,2.61
CCCCCCCCCCCCCCCCN(CCCCCCCCCCCCCCCC)CCn1ccnc1,4.0
Cc1nc2cccc(N)c2n1C,6.66
N=C(N)NOCC(=O)O,7.58
COC(=O)c1cccc(N)c1,3.55
CN(C)C=Nc1ccc(Cl)cc1,8.46
Cc1cc(N)nc(Nc2ccc(Cl)cc2)n1,6.6
c1ccc2c(c1)ccc1ncccc12,5.15
Fc1cc2[nH]cnc2cc1Cl,4.33
O=[N+]([O-])c1ccc2[nH]c(-c3cccs3)nc2c1,2.36
O=C1N=NCc2ccccc21,11.99
OCCCCCc1ccccn1,5.93
COc1cc(C(N)=O)ccc1-c1nc2c(ncn2C)[nH]1,3.8
CCCN(CC)c1ccccc1,6.39
c1ccc2c(c1)C1CCN2C1,7.1
Cc1cccc(N)n1,7.4
CN1c2ccccc2SC1N=N,6.1
Cc1cc(=O)[nH]cn1,9.0
COc1cccc(CN2CC(O[Si](C)(C)C)C2)c1,7.81
Cc1ccccc1N=NC(C#N)C#N,-0.84
O=[N+]([O-])c1cccc2cnccc12,3.46
c1ccc(-c2ccc3nc(CN4CCOCC4)cn3n2)cc1,6.25
Cn1c(CO)nc2ccccc21,4.36
Cc1cnc2c(ccc3c(C)ccnc32)c1C,5.99
CCCCCSC(=N)c1ccccc1,8.5
O=C(O)c1ccc[n+]([O-])c1,0.41
CCOC(=O)c1cc(-c2ccccc2)nnc1NCCN1CCOCC1,6.67
ON=Cc1ccccc1O,1.37
CCOC(=O)N1CCN(C)CC1,7.31
C1=C(c2ccco2)C2CCN1CC2,8.92
Cc1n[nH]c(C)c1Cl,2.23
CCc1ccnc2c1ccc1c(CC)ccnc12,5.6
NCc1ccc(Cl)cc1[N+](=O)[O-],8.34
Oc1ccccc1CN1CCOCC1,7.71
Cc1nc(C)c(C)nc1C,3.36
O=C(O)CSc1nc2cc3c(cc2[nH]1)CCCC3,5.2
CC1CNC(C)CN1,9.98
Cc1[nH]nc2c(Nc3ccccc3)ncnc12,4.61
Nc1ccc(-c2cnc(-c3ccc(Cl)cc3)o2)cc1,3.52
COc1ccc2c(c1OC(C)=O)C13CCN(C)C(C2)C1CCC(OC)C3,9.31
CCC(N)(CO)CO,8.8
CCNCc1ccc(C)cc1,10.04
O=C(CN1CCCCC1)NCc1ccccc1,7.71
CCc1cnc(C(=O)O)cc1CC,6.58
Cc1n[nH]c(=O)[nH]1,9.43
Clc1ccc(-c2ccc(Cl)cn2)nc1,3.96
O=C1N=CN=c2c(O)c3c(c(O)c21)=NC=N3,5.99
Oc1ccc2ncncc2c1,3.12
CCN(CC)c1ccc([N+](=O)[O-])cc1,1.7
Cc1ccc(C)nc1,6.4
COc1ccc(-c2ncc(-c3ccc(N)cc3)o2)cc1,3.71
Clc1ccnc(-c2ccccn2)c1,3.8
O=[N+]([O-])c1ccc2[nH]c(CO)nc2c1,2.21
Cc1ncnc2ccccc12,2.52
CC(C=C(c1cccs1)c1cccs1)N1CCCCCC1,7.96
O=Cc1cc(-c2ccccc2)nnc1NCCN1CCOCC1,6.89
COc1ccc(CCN)cc1,9.79
COCCN=C(c1ccccc1)C(C)(C)O,5.75
CN(C)C=Nc1ccccc1O,7.41
COc1ccc([N+](=O)[O-])c(CN)c1,8.72
Nc1ccc(O)cc1O,5.7
CNCc1ccccn1,8.96
CCNc1nc(N)nc(NCC)n1,5.52
CC(C)N=NC1CCN(C)CC1,8.9
c1cc2c(cn1)CCCC2,6.65
COc1ccccc1C(=O)NC1CC2CCC(C1)N2Cc1ccccc1,8.88
CCOC(=O)CCN,9.13
NCCCc1ccncc1,9.98
CCOC(=O)C1CC2CCN1CC2,8.8
Nc1nnnn1-c1ccccc1,1.12
Nc1ccc2nnc3ccccc3c2c1,6.68
Cc1ccc2c(c1)NCCN2,4.97
O=C(Cc1ccncc1)c1ccccc1,7.05
Nc1cccc(Cl)c1,3.59
CC(C)S(=O)(=O)n1c(N)nc2ccc(C(=CC(N)=O)c3cccc(F)c3)cc21,3.41
CC(C)S(=O)(=O)n1c(N)nc2ccc(C(=CC(N)=O)c3cc(F)ccc3F)cc21,3.4
Nc1c(Cl)cc([N+](=O)[O-])cc1Cl,-2.98
Nc1ccc2c(Cl)c3ccccc3nc2c1,6.74
c1cncc(C2CCCCN2)c1,4.01
Cc1ccccc1CN,9.23
Cn1cc(Cl)cn1,0.16
CC(=O)Nc1cccnc1,4.44
CN(C)c1ccc(N2CCOCC2)cc1,5.7
Nc1cccnc1C(=O)O,7.18
COc1cc([S+](C)[O-])ccc1-c1nc2cc(N)cnc2[nH]1,3.9
CCN(CC)CC(=O)Nc1ccc(C)cc1C,7.95
COc1cccc(C(=O)CCN2CCOCC2)c1,7.1
COc1cc(Br)cc(C(=O)NC2CC3CCC(C2)N3Cc2ccccc2)c1OC,8.84
CCSC1C(O)C2CC(=O)CC1N2C,5.15
CC(=O)Nc1ccccn1,4.09
Cc1cc(-c2ccccc2)nn2c(CN(C)C)cnc12,3.18
O=Cc1ncccc1O,3.4
CC(C)C(N)C(=O)O,9.62
CCN(CC)CCOC(=O)c1ccc2ccccc2c1,7.52
CCCNc1c2ccccc2nc2cccc([N+](=O)[O-])c12,7.2
Nc1ncnc2scnc12,2.77
c1ccc2c(c1)ccc1cccnc12,4.25
CCN(CC)Cc1cc(Cl)cc(Cl)c1O,11.57
Cc1cc(N)nc(N)n1,7.65
CCCCNc1ccccc1,5.11
CC(=O)c1ccc(N=NC(C#N)C#N)cc1,-0.77
NC(=O)C1=CC(c2ccccc2)N=NC1=NCCN1CCOCC1,2.5
Cc1ccc(C(O)CN)cc1,9.06
O=C(NCCN1CCOCC1)c1ccc(Cl)cc1,6.31
COCCNc1ccc(C)cc1,4.64
O=C(c1ccccc1)N1CCNCC1,7.79
CCO[Si](C)(CN)OCC,9.19
CN1CCCCC1c1cccnc1,5.42
O=c1cccc(Cl)[nH]1,7.76
Nc1cccc2c1ccc1ncccc12,5.2
Nc1ccc(-c2ncc(-c3ccc(Cl)cc3)o2)cc1,2.87
CC1=C(CC(C)NCC(O)c2ccc(N)cc2)CCC1(C)C,9.01
Oc1ccc(Cl)cc1CN1CCCC1,11.715
C=c1nc2c(O)c3c(c(O)c2n1C)=NC=NC3=O,6.15
CCc1cc(Cl)n(C)c2nc3ccccc3c1-2,7.46
Cn1ncc2c(NCc3ccccc3)ncnc21,3.66
CN(C)c1ncc2[nH]cnc2n1,4.02
COC(=O)CCCc1c[nH]cn1,7.33
Cc1cc(C)n(C)c(=S)n1,3.15
COc1cccc(NCCS)c1,5.18
C=CC1(O)CC(C)NC2CCCCC21,9.77333333333333
Cc1cccc(C)n1,6.85
O=C(CCNCCC(=O)c1ccccc1)c1ccccc1,8.69
CSc1nccc(C)n1,1.95
CN(C)C=Nc1ccccc1,9.0
CN(C)CCCC(=O)Oc1cccc([N+](=O)[O-])c1,9.82
CC(O)CN(CCCN1CCOCC1)CC(C)O,8.4
COc1cccnn1,2.52
Nc1nc2c(o1)CCCC2,5.75
CCc1cc(Cl)c(OC)c(C(=O)NCC2CCCN2CC)c1O,9.77
CCCC(=N)CC(=O)c1ccccc1,-1.12
CCOC(=O)CCCCCN,10.37
NNC(=O)C(N)Cc1ccccc1,7.06
CN1CCN(C)c2cccc3cccc1c23,4.62
CN1CCCC1c1ccccc1,8.8
SCc1ncc[nH]1,6.37
CC(=O)Nc1cccc2cc3ccccc3nc12,3.0
CCOc1ccc2ccc(OCC)c(N3CCOCC3)c2c1N1CCOCC1,12.5
NCCCCCCN,10.565
Cc1cc2nc[nH]c2cc1C,6.04
Cc1ccc(S(=O)(=O)NCCC(=N)N)cc1,10.8
O=[N+]([O-])c1ccc(C=Cc2nnnn2-c2ccc([N+](=O)[O-])cc2)cc1,-3.15
COc1ccc([N+](=O)[O-])cc1C(=O)NC1CC2CCC(C1)N2Cc1ccccc1,8.7
NCCCN,10.55
Cc1cccc(C(C)c2c[nH]cn2)c1C,7.04
CCOC(=O)CC(c1ccccc1)N(C)C,7.66
CC1(C)OC(=O)CC2C(C(=O)O)NCC21,9.0
CCOC(=O)CN,7.74
Nc1ncnc2c1ncn2C1OC(CO)C(O)C1O,3.53
C=CC1(O)CN2CCC1CC2C(O)c1cc(=O)[nH]c2ccccc12,7.65
O=c1cnc2ccccc2[nH]1,9.1
Cc1ccc(-c2cnc(-c3ccccc3)o2)cc1,0.91
CC(C)c1cccnc1,5.72
CC1(C)SC2C(C(=O)O)N=C(CCCC(N)C(=O)O)N2C1C(=O)O,10.3
COc1nc(=O)cc(C)[nH]1,8.4
Nc1cccc(-c2ccccc2)c1,4.28
CN(C)Cc1c(C(C)(C)C)cccc1C(C)(C)C,9.2
CN(C)Cc1ccc(NC(=O)C=NO)cc1,9.56
Cc1cc(C)c(CO)c(C)n1,7.1
O=c1o[nH]c2c1CCN(Cc1ccccc1)CC2,8.0
c1cnc2[nH]cnc2c1,3.95
COC(=O)c1ccccn1,2.21
Brc1cnc2c(ccc3cc(Br)cnc32)c1,3.9
Cc1ccc(N2CCCC2)cc1,4.69
CN(C)CCCCC(=O)Oc1ccccc1,10.0
CCC=CCC1=NC(C(=O)O)C2SC(C)(C)C(C(=O)O)N12,7.8
COc1cccc(N=CN(C)C)c1,8.6
COC(=O)N1c2ccccc2C23CCN4CC=CC5(CCC12C(O)(C(=O)OC)C5O)C43,5.63
OCc1cccnc1,5.0
ON=Cc1ccncc1,4.58
CNCCCNc1c2ccccc2nc2cccc([N+](=O)[O-])c12,6.2
Cc1cnoc1C,0.0
N#CC(C#N)N=Nc1ccccc1C(F)(F)F,-0.7
OCc1nc2cc(Cl)ccc2[nH]1,4.63
Cc1c(O)c(=O)n(-c2ccccc2)n1C,-0.22
CC(=O)n1ccnc1Cc1ncc[nH]1,6.6
CCC(C)(CC)Nc1ccccc1,6.32
CN(C)c1ccc(C=Cc2nnnn2-c2ccccc2)cc1,3.47
CC#CC(C)Oc1cc(N)c(Cl)cc1C(=O)NC1CC2CCC(C1)N2C,9.95
COc1cc2c(OC)ncnc2c(OC)c1OC,3.34
Cc1cc(O)cc(O)c1C(=N)c1ccccc1,6.75
c1ccc2[nH]cnc2c1,5.51
O=C(O)C1CCCN1,10.585
Cc1ccccc1C(=NCCCN(C)C)c1ccccc1,9.0
O=[N+]([O-])c1ccc(NCO)cc1,-0.33
COc1ccc(OC)c2c1nc(CO)n2C,5.24
CCCCCCCCCCCCCCCCN(CCCCCCCCCCCCCCCC)C(=O)C(C)NC(=O)C(Cc1c[nH]cn1)NC(=O)CCCCC[N+](C)(C)C,7.2
COC(=O)Cc1ccccc1N,3.71
Nc1cccc([I+]c2ccccc2)c1,1.87
Cc1c[nH]c(C)n1,8.39
CN(CC1CO1)CC1CO1,6.45
O=C(CCCN1CCC(O)(c2ccccc2)CC1)c1ccccc1,8.4
Nc1nccc2ccccc12,7.62
Cc1cc(-c2ccccc2)nnc1NCCN1CCOCC1,7.05
c1cc(-c2ccoc2)ccn1,5.72
O=C(O)CN=C1CCCC1,8.72
COC(=O)CN,7.64
Cc1cc(C)[nH]n1,4.32
Cc1cc(=O)[nH]c(-n2[nH]c(C)cc2=O)n1,10.0
CCCSSC(CCO)=C(C)N(C=O)Cc1cnc(C)nc1N,5.52
COc1ccc(O)c(N=Nc2nc(C)cs2)c1,0.77
CCCCNCc1ccccc1,9.46
Nc1nccs1,5.44
C1CN=C2NCCC2C1,11.7
Cc1ccnc(N)n1,4.2
CC(N)C(=O)N1CCCC1C(=O)O,8.38
Cc1cccc(C=O)n1,4.55
Cc1ccccc1C(=N)c1ccccc1,7.21
CNc1ncnc2scnc12,2.84
CC(=O)NC(Cc1c[nH]cn1)C(=O)O,7.11
COc1ccc(-c2nc3cnccc3n2C)c(OC)c1,6.16
c1cc[nH]c1,0.4
Nc1ccccc1B(O)O,4.58
Clc1ccnc2c1ccc1c(Cl)ccnc12,3.03
CCSC(=N)c1ccccc1,6.05
Cc1ccccc1C(=NCCCN(C)C)c1cccc2ccccc12,8.8
CC(C)N=CNc1ccc(-c2cncn2C)cc1,8.83
Cc1cnc2c(cc(C)c3c(C)ccnc32)c1C,6.45
NC(=NO)c1ccccc1N,4.5
O=[N+]([O-])c1cccc2nc3ccccc3c(NCCO)c12,7.2
OCCNc1ccccc1,4.09
CC(O)c1ccccc1,-7.0
CCN(CC)Cc1cn2nc(-c3ccccc3)cc(C)c2n1,8.79
Cc1c(Br)cc(N)cc1Br,2.87
C=CCCN1CC2CC(C1)c1cccc(=O)n1C2,7.0
Cc1cccc(N)c1,4.7
c1nc(NC2CCCCC2)c2[nH]cnc2n1,4.2
C[Si](C)(C)OC1CN(Cc2ccccc2)C1,8.08
Cc1cnc(C)cn1,1.95
Fc1ccc2[nH]cnc2c1,5.11
O=[N+]([O-])c1cc2nc[nH]c2cc1[N+](=O)[O-],1.73
Cc1cc(N)cc(C)c1[N+](=O)[O-],2.56
Nc1cc(C=Cc2ccccc2)nc(C=Cc2ccccc2)c1,8.6
O=C(O)C1OC(Oc2ccc3ncccc3c2)C(O)C(O)C1O,5.0
O=C1CN2CCC1CC2,7.27
CC(C)N(c1ccccc1)C(C)C,6.19
Nc1ccc2nc(C=Cc3ccccc3)ccc2c1,5.5
O=[PH](O)C(NCc1ccccn1)c1ccccc1O,8.08
Cc1ccc(N)cc1C,4.94
CCOc1ccc2[nH]c(C)nc2c1,6.22
Nc1cnccn1,3.14
N#CC(C#N)N=Nc1ccc(OC(F)(F)F)cc1,-0.78
CCNc1nc(Cl)nc(NC(C)C)n1,1.61
O=c1[nH]cncc1O,7.48
CCC12CCCN3CCC4(c5cccc(OC)c5N(C(C)=O)C4CC1)C32,7.57
Cc1cccc(CO)n1,5.2
CC(C)CNc1ccccc1,4.84
COc1ccc2c(c1O)CN(C)CCc1cc3c(cc1C(=O)C2)OCO3,9.0
Nc1nn[nH]n1,1.81
N=C(N)N(c1ccccc1)c1ccccc1,10.42
CN(C)CCCNc1c2ccccc2nc2c(F)ccc([N+](=O)[O-])c12,5.41
COc1cccc2c1CN(C1CC3CCC(C1)N3Cc1ccccc1)C2=O,8.68
Nc1ccc(S(=O)(=O)Nc2ncccn2)cc1,2.0
CC(C)NCC(O)COc1cccc2ccccc12,9.46
Clc1cnc2c(ccc3cccnc32)c1,3.99
c1ccc2c(c1)CCNC2,9.48
OCCCNc1ccccc1,4.53
O=C1C2CC(CN3CCCCC23)C2CCCCN12,7.7
Cn1cnccc1=O,1.84
CN(C)CCCC(=O)Oc1ccccc1,9.7
CN1C(=N)C(C)(C)c2ccccc21,9.25
NCCC(=O)NC(Cc1c[nH]cn1)C(=O)O,9.61
COc1ccncn1,2.5
CCCc1ncc[nH]1,8.02
NNCCOc1ccccc1,6.8
CC(=O)N(C)c1ccncc1,4.62
CCCn1cnc2ccccc21,5.46
C=CC1CN2CCC1CC2C(=O)O,10.6
Cc1cnc2c(ccc3cccnc32)c1,5.0
N#CCCNc1ccccc1,4.5
CSCc1ccccn1,5.4
CCCC1N=C(N)N=C(Nc2ccc(SC)cc2)N1,10.6
CC1C=NC(=O)N=C1N,12.4
CC(Br)(CN)[N+](=O)[O-],6.15
c1ccc(-c2ccncc2)cc1,5.3
Cc1ccc(O)c(CN(C)C)c1,8.68
CC(=O)C(CN1CCOCC1)=NO,6.1
CN1CCCC2CCN=C21,11.5
Brc1c[nH]cn1,3.8
Nc1ccc2[nH]cnc2c1,6.11
Cn1c(N)ccnc1=O,7.38
O=c1cc[nH]nc1,8.68
COc1ccc(CN)cc1OC,9.39
Cc1ccccc1C(=NCCCCN(C)C)c1ccccc1C,8.8
Nc1ccccc1[N+](=O)[O-],-0.24
c1ccncc1,5.26
Oc1c(Cl)cc(Cl)c(Cl)c1CN1CCCCC1,10.32
NC1CCCCC1C(=O)Oc1ccc([N+](=O)[O-])cc1,8.495
COc1ccc(Nc2ccc(N)cc2)cc1,5.9
c1ccc2c(c1)N1CCN2CC1,5.65
Nc1cc[n+]([O-])cc1,3.61
Cc1cc(-c2ccccc2)nn(C)c1=NCCN1CCOCC1,10.37
Cc1c[nH]c(C)c1,2.04
Nc1ccc2cc3ccc(N)cc3nc2c1,9.65
Cn1ccnc1N=[N+]=[N-],4.05
CCN(CC)Cc1ccccc1,9.44
CN(C)CCCCNc1c2ccccc2nc2cccc([N+](=O)[O-])c12,6.9
Cc1cc(N)ccn1,9.44
Nc1ncnc2c1cnn2-c1ccccc1,3.89
CCC(O)CN(CC(O)CC)C(C)(C)C,9.6
S=C1N=CCC=N1,7.2
Cc1ccccc1C(=NCCCN(C)C)c1ccccc1C,8.7
COCCN(C)c1ccccc1,4.81
Cc1ccccc1N=CN(C)C,8.27
CN(C)c1ccc2c(c1)Sc1cc(N(C)C)ccc1N2,5.4
Cc1noc(-c2ccccc2)c1C(=O)O,1.7
COc1ccc(N)cc1Br,4.09
CCCNCc1ccc(C)cc1,9.98
c1ccc(-c2ncc[nH]2)cc1,6.39
CN(C)Cc1cc(O)c(O)c(CN(C)C)c1,7.22
Cc1ccc(-c2ncc(-c3ccccc3)o2)cc1,1.04
c1ccc(-c2ccoc2)nc1,4.65
NCCNCCc1ccccc1,9.44
O=c1[nH]c(=O)c2[nH]cnc2[nH]1,11.08
NCc1ccc(O)cc1,9.14
COc1nc(N)c2[nH]cnc2n1,3.7
CC(O)C1CNC(C(=O)O)C1CC(=O)O,10.08
Cc1cc(C)ncn1,2.7
CCOc1ccc(N=CN(C)C)cc1,9.24
Nc1ccc2[nH]c(=O)[nH]c2c1,5.0
COc1cnccc1N,9.03
CN(C)Cc1ccccc1O,8.6
CCOC(C)=N,7.15
NCCCCCc1cccnc1,10.34
N=C(N)N=c1nc(N)[nH]c(N)n1,9.4
CC(c1ccccc1)N1CC(O[Si](C)(C)C)C1,7.82
COc1cc(OS(C)(=O)=O)ccc1-c1cn2cccnc2n1,3.95
CNCC(O)c1cccc(O)c1,8.77
CN(C)c1ccccc1,5.1
N=C(Sc1ccccc1)c1ccccc1,4.48
Cn1cncc1CC(N)C(=O)O,8.72
CN(C)c1ccc2cc3ccc(N(C)C)cc3nc2c1,10.42
CCc1cc(Cl)c(O)c(C(=O)NCC2CCCN2CC)c1OC,9.54
N#CC(C#N)N=Nc1ccccc1[N+](=O)[O-],-0.76
c1ccc(CNc2ncnc3[nH]ncc23)cc1,4.16
Oc1cccc2nnccc12,1.92
SCCN(Cc1ccccc1)Cc1ccccc1,7.62
CC(C)(C)c1cc(=O)[nH][nH]1,2.9
Cc1cc(=O)n(C)cn1,2.1
Cc1cnc(C(O)C(O)C(O)CO)cn1,1.4
C=C(C)C(N)O,8.0
COc1ccc(N)cc1,5.35
c1ccc(-c2nc3ccncc3[nH]2)cc1,6.0
NCCCCc1ccncc1,10.18
N#Cc1ccccn1,-0.26
CCOCCn1c(N2CCCN(CCCCn3cc(C(=O)O)cn3)CC2)nc2ccccc21,8.5
c1ncc2[nH]cnc2n1,2.45
Nc1cccnn1,5.19
c1ccc(-c2nc3ccccc3s2)cc1,0.7
Cc1ccc(CCN)cc1,9.78
CCN(CC)CCNc1nc(N)nc(C)c1C,9.7
Nc1nnnn1-c1ccc(Cl)cc1,0.78
Cn1cncn1,2.31
CC(N)CCCc1ccc(O)cc1,9.4
Nc1cccc(N)c1,5.04
Nc1ccncc1Br,7.15
CC1CCN1,10.96
CCCn1nnnc1N,1.8
CN(C)c1ccc2ccccc2c1,4.57
Nc1ccc([N+](=O)[O-])c2ccccc12,0.53
NOCc1ccc(Cl)cc1,4.22
C=CC1CN2CCC1CC2C(O)c1ccnc2ccccc12,9.59
Nc1ccc2cc3ccccc3nc2c1,8.04
CCN(CC)Cc1cc(OC)ccc1O,8.62
NCCCCCCCCCCCCN,10.79
CN(C)CCNc1c2ccccc2nc2cccc([N+](=O)[O-])c12,4.9
Cc1cccc(C)c1C(=N)c1ccccc1,7.71
COc1ccc(S(=O)(=O)NCCN2CCOCC2)c(OC)c1OC,6.16
NCc1ccc(Cl)cc1,9.24
CCc1cccnn1,3.58
NCCc1ccc(O)cc1,9.92
O=[N+]([O-])c1ccc(O)c(CN2CCOCCOCCOCCOCC2)c1,9.69
CCN(CC)CC(=O)N(C)c1ccccc1C,8.74
CC(C)N1CCC(NN)CC1,9.65
c1ccc(C2CCCN2)cc1,9.6
CCN(CC)CCC(=O)Nc1c(C)cccc1C,8.96
CCC(CO)NCl,1.55
Cc1ccc2ccc3cccnc3c2n1,5.36
NC(=S)C(N)Cc1ccccc1,7.15
Cc1cnc2c(ccc3cccnc32)c1C,5.62
Nc1cc2ccccc2nn1,3.66
c1ccc(-c2ccnc3c2ccc2cccnc23)cc1,4.9
Cc1nc(N)c2cnn(C)c2n1,5.0
C=CCc1ccccc1OCC(O)CNC(C)C,9.59
CC(=O)c1ccncc1,3.6
CCOC(=O)CCCCN,10.15
Clc1cccnc1,2.77
CNC(=O)c1ccccn1,2.4
CN(C)c1ccccc1C(=O)O,8.46
NCCC(=O)NCCc1c[nH]cn1,9.21
Nc1ccc2[nH]ncc2c1,5.15
CC(C)(C)Nc1ccccc1,7.15
Nc1cccc2c[nH]nc12,3.05
Cn1c(=O)[nH]c(=O)c2[nH]cnc21,0.78
CC(C)SC(=N)c1ccccc1,8.04
CC1CNCCN1,9.9
CN(C)c1cccc(Cl)c1,3.83
O=C1N=CCc2cccnc21,12.01
CN(C)c1ncc(Br)s1,3.66
CC(=O)c1cccc(N)c1,3.61
c1ccc(CNc2nccs2)cc1,5.15
Cn1cncc1CC(NC(=O)CCN)C(=O)O,9.53
O=[N+]([O-])c1ccc(-c2ncc(-c3ccccc3)o2)cc1,-0.61
CN(C)c1ncnc2c1cnn2C,4.06
NC1CCCC1C(=O)Oc1ccc([N+](=O)[O-])cc1,8.36
Nc1nc2ccccc2o1,3.73
Cn1ncc2cncnc21,2.5
Nc1cncn1C1OC(CO)C(O)C1O,6.05
CC(C)(C)n1ccnc1,7.35
Cn1c(=O)n(C)c2c(N)cccc21,3.06
CCN(CC)Cc1cc([N+](=O)[O-])ccc1O,10.99
CC(=O)N=S(C)C,3.16
CN1CC(C(=O)O)CC2c3cccc4[nH]cc(c34)CC21,8.52
c1ccc(-c2cnc(-c3ccccc3)o2)cc1,0.84
CC(=O)N1CCN(C)CC1,7.1
Cn1cnc2[nH]cnc(=O)c21,8.8
Oc1ccccc1C1=NCCN1,12.58
O=C(Nc1cccnc1)c1ccccc1,3.8
CN(C)c1ncc([N+](=O)[O-])s1,0.48
NCCCCCO,10.52
c1ccc(CN(CC2=NCCN2)c2ccccc2)cc1,10.06
Nc1cncc2ccccc12,6.28
CCN(CC)CCNc1cc(C)nc(Nc2ccc(Cl)cc2)n1,9.05
NCc1ccc(C(=O)O)cc1,9.64
NNC(=O)C(Cc1c[nH]cn1)NC(=O)OCc1ccccc1,6.1
CSC(=N)Nc1ccccc1,7.14
COc1cccc(CN)c1OC,9.41
COc1c[nH]cnc1=O,8.6
CC(=O)OCCc1c[nH]cn1,6.97
CN(C)CCC(c1ccc(Cl)cc1)c1ccccn1,9.16
Cc1nc2c(N)cccc2[nH]1,8.1
Cc1[nH]nc2c(NCc3ccccc3)ncnc12,4.95
CN(C)Cc1ccccc1,8.97
O=[N+]([O-])c1ccc(Nc2ccccc2)cc1,-2.5
Cc1cc(C(c2ccc(N)cc2)c2ccc(N)cc2)ccc1N,4.9
Nc1ncnc2ccccc12,5.79
CC(=O)OC1CN2CCC1CC2,9.27
NC(Cc1c[nH]cn1)C(=O)NC(Cc1c[nH]cn1)C(=O)O,7.8
Oc1ccc(Cl)cc1CN1CCOCC1,6.78
Cc1nn(C)c(C)c1C,4.48
c1ccc(CSc2nc(-c3ccccc3)c(SCc3ccccc3)[nH]2)cc1,2.7
COc1cc(CN)c(C)cc1N,9.54
CC(=O)Nc1ccncc1,5.87
CN(C)CCCNc1c2ccccc2nc2cccc([N+](=O)[O-])c12,6.2
Cc1ccc(S(=O)(=O)N(C)CCC(=N)N)cc1,11.5
NC1Cc2ccccc2C1,9.55
C=CC(C)(C)Nc1ccccc1,4.88
CN(C)CCCN=C(c1ccccc1)c1ccc2ccccc2c1,9.2
CCc1ccc(OC)c(C(=O)NCC2CCCN2CC)c1O,9.54
S=c1cc[nH]cn1,6.7
NCC[n+]1ccc2ccccc2c1,6.85
NOCc1ccccc1,4.34
CCOC(=O)c1ccc(CCN)cc1,9.58
Cc1cc(=O)n(C)n1-c1ccccc1,2.4
CN(C)c1ccc(C=Cc2cc[n+]([O-])cc2)cc1,4.3
CC(=O)Nc1ccc2cc3ccccc3nc2c1,5.6
CC(C=C(c1cccs1)c1cccs1)N1CCCCCCC1,7.52
CN1CCCC1c1cccnc1,8.06
O=[N+]([O-])c1cc(-c2ccccc2)nnc1NCCN1CCOCC1,6.56
N#Cc1ccncc1,1.91
O=CN1CCNCC1,7.98
CCNCC(=O)c1ccc(O)cc1,7.77
CCCCC(CC)CNc1ncnc2[nH]ncc12,4.6
Cc1nccc2c1[nH]c1ccc([N+](=O)[O-])cc12,6.24
CC(=O)Nc1cccc2nc3ccccc3cc12,4.4
O=C(O)C1CCNC1,10.72
c1csc(-c2nccs2)n1,2.76
NC(=O)CCCc1ccncc1,5.64
NC(Cc1ccccc1)=NO,5.32
COc1cc(C)n(-c2ccccc2)n1,1.5
Cc1ccc(N)c(N)c1,5.0
CCN(CC)CC(=O)Nc1ccccc1,8.0
c1cc2c(nn1)CCCC2,4.3
Cn1c(N)nc(=O)c2[nH]cnc21,4.61
NC(=O)CC(=O)c1ccccn1,8.23
NC(=O)Nc1[nH]cnc1C(=O)O,4.9
Cc1cc(C)c(C)nn1,4.81
CCCc1ccc(C)nn1,4.25
c1ccc2c(CC3=NCCN3)cccc2c1,10.35
NCC[n+]1cc(Br)c2ccccc2c1,6.71
CC1=C(CC(C)NCC(O)c2ccc([N+](=O)[O-])cc2)CCC1(C)C,8.36
CC(Cc1ccccc1)N(C)C,9.4
CN1CCCC1c1cncc2[nH]c3ccccc3c12,8.02
CN(C)Cc1cc(C(C)(C)C)ccc1O,8.55
CC(N)CO,9.43
Cn1cnc2[nH]c(N)nc(=O)c21,8.43
Cn1ccc(=N)c2ccccc21,12.4
c1ccc(C2=NCCC2)cc1,7.2
CN=CNc1cccc(-c2csc(=NC(=N)N)[nH]2)c1,8.29
NC(=S=O)c1ccccc1,0.8
Nc1cccc(-c2ccccn2)n1,5.8
CNc1ccccn1,7.13
OCC1OC(n2ccc3c2ncn2ccnc32)C(O)C1O,5.49
C1COCCOCc2n[nH]c(n2)COCCOCCO1,2.36
CN1CCC2Cc3ccc(O)c(O)c3C3CCCC1C23,7.58
CCCCSC1=NCCN1,9.0
N=C(c1ccccc1)c1cccc(Cl)c1,5.69
CN(C)CCOC(C)(c1ccccc1)c1ccccn1,9.2
NC(CC1C=NC(=S)N1)C(=O)O,8.47
CNC(C)(C)C(=O)O,10.75
Cc1cc(C)nc(N)c1,7.84
CCCN1CC(O[Si](C)(C)C)C1,8.89
CN(C)CCCCC(=O)Oc1ccc([N+](=O)[O-])cc1,9.9
COc1ccc2nccc(C(O)C3CCCCN3)c2c1,9.3
CCn1cnc2ccccc21,5.66
OCC1OC(n2cnc3c2ncn2ccnc32)C(O)C1O,4.1
COc1cc(C=Nc2ncc3[nH]cnc3n2)ccc1O,2.79
Oc1ccc2cnncc2c1,3.94
COc1ccc(-c2cn3ccsc3n2)c(OC)c1,4.67
Cc1nc2cc([N+](=O)[O-])ccc2[nH]1,5.16
CCCCn1ccnc1,7.14
Cc1ccc2c(c1)CC(=O)CC2,12.94
N=C(c1ccccc1)c1cccc(O)c1,6.92
CCOc1cccc(C(=O)NC2CC3CCC(C2)N3Cc2ccccc2)c1OC,8.78
CSCc1cccc(CSC)n1,4.19
CCN(CC)Cc1ccccc1O,8.81
Nc1cccc(-c2nc3ccccc3s2)c1,3.4
COc1cc(OC)c(OC)c(C(=O)NC2CC3CCC(C2)N3Cc2ccccc2)c1,8.84
COc1cccc(C(=O)NC2CC3CCC(C2)N3Cc2ccccc2)c1OC,8.91
COc1ccc(-c2nc3ccncc3[nH]2)c(OC)c1,6.49
CCN(CC)CCC(C)Nc1c2ccc(Cl)cc2nc2ccc(OC)cc12,7.2
CC1(C)CC(=Nc2ccccc2)CC(=Nc2ccccc2)C1,9.89
CN(C)c1cccnc1,6.67
COCc1nc(C)c[nH]1,7.03
Clc1ccc2[nH]cnc2c1,4.86
Nc1ncc2ccccc2n1,4.8
Clc1ccc(-c2ncc(-c3ccccc3)o2)cc1,0.41
Nc1c(O)cccc1O,5.1
CCc1nc(C)c[nH]1,8.5
CSc1ncc2[nH]cnc2n1,1.91
O=c1[nH]c2ccccc2[nH]1,11.95
O=C(O)c1cc(-c2ccccc2)nnc1NCCN1CCOCC1,7.07
Nc1cccc2ccccc12,3.92
O=C(O)c1ncccn1,-1.13
CN(C)c1ccc(N(C)C)cc1,6.37
Nc1cccc2c(O)cccc12,4.15
CCN(CC)CC(=O)Nc1ccccc1C,7.95
CC(C)c1ccccc1N,4.42
CCCCNCc1ccc(C)cc1,9.98
CCCC=C1CCCN1C,11.88
Cc1ccc(N(CC2CO2)CC2CO2)cc1,-0.48
c1ccc(N=C(Nc2ccccc2)Nc2ccccc2)cc1,9.1
Nc1ccccc1O,4.55
C#CCNc1ccccc1,3.06
Nc1ccc(Sc2ccc(N)cc2)cc1,4.25
c1cc(N2CCOCC2)ccn1,8.79
CNCC(=O)NCCc1c[nH]cn1,8.31
CC(=O)Nc1ccc(N)cc1,4.46
NC(CCc1ccc([N+](=O)[O-])cc1)C(=O)O,9.1
Cc1ccc(N)nc1,7.22
COc1nc2ccccc2[nH]1,3.75
C[n+]1c(S)cc[nH]c1=S,6.96
NC(=O)Cc1ccccn1,4.34
CN(CO)c1ccccc1,3.72
Cc1cc(C)c2ccc3c(C)cc(C)nc3c2n1,6.5
Cc1ccc(C)nn1,3.99
O=S(=O)(O)c1ccncc1,3.44
CCC1CN1,5.69
Cc1ccccc1C=Cc1ccc(N(C)C)cc1,4.59
Nc1ccncc1N,9.06
OC1COC(n2cnc3ccccc32)C(O)C1O,4.035
Nc1c2ccccc2nc2cccc([N+](=O)[O-])c12,7.3
N#CC(N)c1ccccc1,4.4
Oc1ccc2ccnnc2c1,3.31
Cc1[nH]ccc2c1[nH]c1cc(=O)ccc12,7.39
CN(C)c1ccc(Br)cc1,4.25
CCCN(CCC)c1ccc([N+](=O)[O-])cc1,1.06
CC(=O)c1ccc(O)c(CN(C)C)c1,10.0
CN(O)Cc1ccccc1,4.6
NCc1ccc(C=O)o1,8.1
CN(C)Cc1ccc(CN(C)C)c(O)c1O,6.39
Cc1ncc2nccnc2n1,4.87
CN(C)C1CC(C)(C)NC(C)(C)C1,10.56
Cn1cnc2cc(O)ccc21,6.1
COc1c(C(=O)NC2CC3CCC(C2)N3Cc2ccccc2)cccc1[N+](=O)[O-],8.61
OCNc1ccc(Cl)cc1,2.22
COC(=O)c1ccccc1N(C)C,5.55
COc1ccc(CN)c([N+](=O)[O-])c1,8.77
CC(=O)Nc1ccc(S(=O)(=O)Nc2ccccn2)cc1,2.03
Oc1ccc(Cl)cc1CN1CCCCC1,11.76
CC(=O)N=NC1CCN(C)CC1,7.45
CSc1ccc(N)cc1[N+](=O)[O-],2.47
CN1CSCC1C(=O)O,6.6
CCC1C(=O)NC(CC2=NC(=Cc3[nH]c(CC4NC(=O)C(C)C4CC)c(C)c3CCC(=O)O)C(CCC(=O)O)=C2C)C1C,7.6
OCCNC1CCN(Cc2ccccc2)CC1,9.24
NCCCCc1ccccc1,10.39
Oc1ccc2c(cnc3ccccc32)c1,4.39
COc1ccc2[nH]c3c(C)nccc3c2c1,7.09
NCCCCN,9.995
CCSC(=O)c1cccc(C)c1,-4.77
Cc1cnc(N)s1,5.71
N#CC(C#N)N=Nc1ccccc1Br,-0.8
C[n+]1c(NN)ccc2ccccc21,2.66
COc1ncnc2ccccc12,3.13
Cc1cc(C)nc(NS(=O)(=O)c2ccc(N)cc2)n1,2.35
C1=CN2CCC1CC2,9.82
Cc1ncc2c(c1O)C(O)OC2,4.3
Cc1cnc2c(c1)c(C)cc1c(C)c(C)cnc12,6.07
Nc1nc(=S)c2ncn(C3OC(CO)C(O)C3O)c2[nH]1,8.34
Nc1ccccc1C(=O)O,4.87
Nc1cc2c(cc1Br)CCCC2,3.05
CCC=CCc1nccn1C(C(=O)O)C(C)(C)S,7.2
c1cnc2ccc3ncccc3c2c1,4.0
NCc1ccc(N)cc1,10.0
Cc1nc(N)nc(N)n1,4.59
CC(CC(O)(c1ccccc1)c1ccccc1)N1CCCCC1,8.62
CC(=O)n1cccn1,3.16
NC(Cc1[nH]cnc1I)C(=O)O,8.62
C1CCc2c(nnc3c2CCCC3)C1,6.12
Cc1cccnc1C,6.57
O=C(Cc1ccccc1Nc1c(Cl)cccc1Cl)OCCCN1CCOCC1,7.99
Cc1ccc(-c2nnc(-c3ccccc3)o2)cc1,1.81
CCCNN,7.92
C#CC(C)Nc1ccccc1,3.25
Cn1ncc2ccccc21,0.51
Cc1nc(NCc2ccco2)c2c[nH]nc2n1,4.65
Cc1cc(Br)c(N)c(Br)c1,0.69
COC(=O)CC1C(C(=O)O)NCC1C(C)O,9.41
CCN(CC)CC(=O)Nc1c(C)cc(C)cc1C,7.9
Cn1cc2ccccc2n1,2.13
COc1nc2ccccc2c2ccccc12,2.38
Nc1ncnc2c[nH]nc12,5.0
CC1CCNCC1,10.89
Cc1cc(-c2ccccc2)nn2c(CN3CCOCC3)cnc12,6.01
O=C(O)c1nc2cc(Cl)ccc2[nH]1,4.3
OCC1OC(n2cnc3ccccc32)C(O)C(O)C1O,4.01
Cc1ccc(N(C)C)cc1,5.56
Nc1nnnn1Cc1ccccc1,1.44
Cc1ccc(C(=O)S)cc1,-5.19
O=C(CCN1CCCCC1)c1ccccc1,9.23
C1=C(c2ccccc2)C2CCN1CC2,9.1
CN(C)c1ccc2cc3c(ccc4ccccc43)nc2c1,7.31
O=C(Cc1ccccn1)c1ccccc1,4.20666666666667
CCN(CC)c1nc(N)nc(N)n1,5.61
Cc1cnccc1N,9.15
c1nc2cc3c(cc2[nH]1)CCCC3,5.98
Cc1cc(N)nc2c1ccc1ccccc12,6.02
C=C1CC1CC(N)C(=O)O,9.37
CCN(CC)CC(=O)Nc1ccc(C)cc1,8.13
Clc1ccc(C=Cc2nnnn2-c2ccccc2)cc1,-2.54
C[n+]1c(S)[nH]c(=O)c2ccccc21,9.23
CCN(CC)CCCNc1c2ccccc2nc2ccccc12,8.53
Nc1cccc2[nH]ncc12,3.29
CCOC(=O)c1c[nH]c2ccccc2c1=O,9.62
O=[N+]([O-])c1ccc(NO)cc1,0.65
CSc1cccc(N)c1,4.05
Cc1cc(N)ncn1,6.25
CCCCNc1ncnc2[nH]ncc12,4.67
CCOc1ccc2[nH]c(CC(C)C)nc2c1,6.07
COc1cccc(CN(C)C)c1O,8.42
c1ccc(CNc2ncnc3[nH]cnc23)cc1,4.09
CSc1ccc(N)c(I)c1,2.45
Cn1cc(N)cn1,5.52
NCCCCO,10.35
CCP(=S)(CC)C(=S)NN,5.6
Nc1ccccc1F,2.96
Nc1cccc(C(=O)O)c1,4.7
CC(C=C(c1ccccc1)c1ccccc1)N(C)C,9.26
CCCCCCn1ccnc1,7.2
O=[N+]([O-])c1[nH]cnc1Cl,-1.3
COc1ccc(-c2ncc(-c3ccccc3)o2)cc1,1.25
CN(C1=NCCO1)c1ccccc1,8.51
CC1=Nc2ccc([N+](=O)[O-])cc2N=C(C)C1,4.95
CC(C)C1CNC(C(=O)O)C1CC(=O)O,10.62
O=C(O)c1ccco1,-0.53
Cc1ccccc1NC(C)(C)C,6.49
C=CC1(O)CN2CCC1CC2C(O)c1ccnc2ccc(OC)cc12,7.24
CNCCc1ccc(O)c(O)c1,8.84
CCN(CC)S(=O)(=O)c1ccc(N)cc1,1.75
CC(C=C(c1cccs1)c1cccs1)N1CCCCC1,8.46
NCC(=O)NCC(=O)O,8.31
COc1nccc2ccccc12,3.05
CC1(C)CCC(C2CCC(C)(C)N2)N1,10.3
OC(c1ccccc1)c1ccccn1,4.44
CCCCCCCNCc1ccc(C)cc1,10.02
CC1=NCCc2c1[nH]c1ccccc21,8.99
CC(C)=O,19.13
CC(C)c1nc2ccccc2[nH]1,6.23
COC(=O)C(N)Cc1ccccc1,7.0
CCCc1ccnc2c1ccc1cccnc12,5.45
CCOc1ccc2[nH]c(C(C)C)nc2c1,6.17
COc1ccc(-c2cnc(-c3ccc(C)cc3)o2)cc1,1.26
NCC(O)c1ccccc1,8.94
OCCc1ccccn1,5.37
S=c1cc[nH]c(=S)[nH]1,11.19
NC(=O)c1ccncc1,3.57
Cc1ncc(CN(C=O)C(C)C(=S)CCO)c(N)n1,4.19
Cc1cccc(CN(C)C)c1O,8.18
CCOc1ccc2nc(C=CC=Cc3ccccc3)cc(N)c2c1,9.5
Cc1nn(C)c(C)c1Cl,1.96
CC1CCN2CC=CC12,10.59
COc1ccccc1N=CN(C)C,8.11
CCc1cccc(CN(C)C)c1O,8.02
Nc1[nH]nc2ccccc12,3.15
CCN(CC)CC(=O)Nc1cc(C)cc(C)c1,8.01
Cn1ccc2ccccc2c1=O,-1.8
NCCc1ccc(Cl)cc1,9.66
Cc1ccc(NCCS)cc1,5.08
c1ccc(Oc2ccnc3c2ccc2c(Oc4ccccc4)ccnc23)cc1,5.34
NCc1nn[nH]n1,8.54
Cc1cc(N)ccc1-c1ccc(N)cc1C,4.3
Nc1ccc2ccc([N+](=O)[O-])cc2c1,3.13
CC1=C(CC(C)NCC(O)c2ccccc2)CCC1(C)C,8.84
NC(=S)c1ccccc1,-3.2
CCNc1cc[nH]c(=S)n1,11.13
Cc1nc2cncnc2nc1C,2.93
Cn1ncc2c(NCc3ccco3)ncnc21,3.8
CC=C(C)C(=O)OC1CCC2(C)C3CCC4C5(O)CC(O)C6(O)C(CN7CC(C)CCC7C6(C)O)C5(O)CC42OC13O,8.85
CCN(CC)CCOC(=O)c1ccccc1,8.9
COc1cc([N+](=O)[O-])cc(C(=O)NC2CC3CCC(C2)N3Cc2ccccc2)c1OC,8.7
CC(=O)N1CCNCC1,7.94
N=C(N)c1ccccc1,11.8
Cc1ccc(N=NC(C#N)C#N)c([N+](=O)[O-])c1,-0.78
COc1ccc(C2CCCN2C)cn1,1.34
CCCCCC(C)N,10.975
Cn1ccc(=N)cc1,12.5
COc1ccc(C(=N)c2ccccc2)c(OC)c1,8.3
CN(C)c1cccc2ccccc12,4.83
ON=c1[nH]cnc2[nH]cnc12,3.8
Nc1ccccc1Cl,2.64
Nc1ncnc(N)c1N,5.78
Nc1c2c(ncn2Cc2ccccc2)nc[n+]1[O-],2.4
Oc1cccc2ccncc12,5.66
CNc1cccc(C)c1,4.94
COC(=O)C1=CN2CCC1CC2,7.17
CCOCCNc1ccc(Cl)cc1,3.28
NC(Cc1ccncc1)C(=O)O,9.22
CN(C)c1nc2c(o1)CCCC2,6.16
COc1ccc(C=Nc2ncc3[nH]cnc3n2)cc1,3.86
Cc1ccc(OC(=O)CCCN(C)C)cc1,9.53
CCOC(=O)c1cccnc1,3.2
C(COCCc1nn[nH]n1)OCCc1nn[nH]n1,4.79
CCCCCCCCCCNCc1ccc(C)cc1,9.48
Cc1cc(Br)ccc1N,3.58
Cc1ccc([S+]([O-])C(C)(C)C)cc1,-2.2
CN(C)c1cccc2cccc(N(C)C)c12,12.13
Oc1ccccc1CN1CCCNCCCNCCC1,9.87
c1ccc(-n2cccn2)nc1,1.07
Oc1c(Cl)c(Cl)cc(Cl)c1CN1CCOCC1,8.23
Nc1ccccc1-c1nc2ccccc2s1,2.6
Nc1ccc(CN=NC(=O)c2ccncc2)cc1,3.2
N=C(c1ccccc1)c1ccccc1Cl,5.59
COc1ccc2c3c([nH]c2c1)C(C)=NCC3,9.72
O=[N+]([O-])c1cc(CN2CCOCC2)c(O)c2ccccc12,7.98
CSc1ccccn1,3.62
CN1CC(CO)CC2c3cccc4[nH]cc(c34)CC21,8.57
OCC1=CCN2CCC(O)C12,8.92
NCc1cccnc1,8.33
O=c1[nH]cnc2cccnc12,8.95
O=C(O)C(CO)NCc1cc(Cl)ccc1O,10.15
CCNc1ccccc1,5.29
Nc1ccccc1Br,2.4
Cc1cc2ncn(C3OC(CO)C(O)C(O)C3O)c2cc1C,4.63
CCCN(CCC)CC(=O)Nc1c(C)cccc1C,7.68
O=C(O)c1c2ccccc2nc2ccccc12,5.0
CCNC(=O)c1ccccn1,2.4
CN(C)Cc1cc(C(=O)c2ccccc2)ccc1O,10.23
Fc1ccccn1,-0.44
CNCCC(=O)c1ccccc1,9.0
CCSC(=O)c1ccc(Cl)cc1,-5.02
CCOc1cccc(N)c1,4.15
CCCSC(=N)c1ccccc1,8.1
Cn1ccc(N)n1,3.81
CN(C)C=Nc1cccc(Br)c1,8.08
CC1CCCC(C)N1,10.99
c1nc(NC2CCCCC2)c2ncn(C3CCCCC3)c2n1,4.4
NC(=O)CCCCc1cccnc1,5.6
CCCCCn1ccnc1,7.12
CN1CC=CC1,9.92
Cc1[nH]c(C)c(C)c1C,3.77
NC(=O)CCCCc1ccccn1,5.73
Nc1ccc(O)c(N)c1,5.7
Nc1cccc2c([N+](=O)[O-])cccc12,2.8
CCn1cc(C#N)c(=O)c2ccccc21,-1.55
CCCc1nc2cc(OCC)ccc2[nH]1,6.12
O=C(N=NCc1ccccc1O)c1ccncc1,3.33
Nc1ccc(-c2ccc(N=Cc3ccc(O)cc3)cc2)cc1,6.86
CN1C2CCC1CC(OC(=O)C(O)c1ccccc1)C2,9.61
Cc1cc(N)nc(C)n1,6.85
CCCNCC(=O)Nc1c(C)cccc1C,8.01
COc1cc(N)cc(C(=O)NC2CC3CCC(C2)N3Cc2ccccc2)c1OC,9.07
Cc1cccc(N)c1C,4.56
Cc1cnc2c(c1)c(C)c(C)c1cccnc12,5.34
CCc1ccc(C(=O)O)nc1,5.86
O=C1N=CCc2c1cnc1ccccc21,11.35
NC(=NO)C(N)c1ccccc1,7.15
CCN(CC)Cc1c(O)c(Cl)cc(Cl)c1Cl,11.76
NCCC[n+]1ccc2c([N+](=O)[O-])cccc2c1,8.48
c1cncc(-c2ccoc2)c1,4.93
NC(CCC(=O)O)C(=O)O,9.33
CC(=O)OCC1CC2CCN1CC2,9.88
Oc1ccc(C=Nc2ncc3[nH]cnc3n2)cc1,3.27
Cc1ccc(NC(C)(C)C)cc1,7.3
Cn1nc(-c2ccccc2)ccc1=NCCN1CCOCC1,10.2
Nc1ccc2nc3ccc(N)cc3cc2c1,6.18
CCN(CC)c1ncnc2[nH]ncc12,4.71
Nc1[nH]cnc(=S)c1N,9.34
Cn1c(=O)[nH]c2[nH]cnc2c1=O,1.19
Cc1ccc2nc(C)c3c(c2c1)OC(C)C3C,7.65
NNC(=O)c1cccnc1,3.27
Nc1ncnc2c1cnn2CCO,4.29
CC1(C)C(N)C1N,8.96
Cc1cc(C)c(N)c(C)c1,4.37
CN(C)c1ccc(C=Cc2ccncc2)cc1,6.25
OCC1CCCN2CCCCC12,10.16
CC(C)CC(N)C(=O)O,9.69
Brc1cccnc1,2.94
CC(C)n1c(N)nc2ccc(C(=CC(N)=O)c3cccc(F)c3F)cc21,6.7
c1ccc(C2CN3CCCC3c3ccccc32)cc1,9.12
Nc1cncnc1,2.83
c1cc(N2CCOCC2)ccc1N1CCCCC1,6.7
CCCCCCCN(CCCCCCC)c1ccccc1,3.33
O=Cc1ccncc1O,4.05
CCN(CC)Cc1ccccc1OC,10.2
CC1(C)CC(=O)C(C)(C)N1,7.1
CC(=O)n1cnc2ccccc21,1.8
CC(C)NCC(O)c1cccc(F)c1,9.48
O=[PH](O)C(NCc1ccncc1)c1ccccc1O,8.05
CN(C)CCc1ccc(O)cc1,9.8
O=[N+]([O-])c1cccc2nc3ccccc3c(NCCCO)c12,7.55
Cn1ccnc1CS,6.31
Cc1cccc(CCCCCCCC(=O)O)n1,7.0
Nc1ccc(-c2ncc(-c3ccc(Br)cc3)o2)cc1,2.8
N#Cc1ccc(N)c2ccccc12,1.2
Cc1cncc(C)c1,6.15
CC(C)CNCC(=O)c1ccc(O)cc1,7.74
CCC(=O)C(CCN1CCCCC1)(c1ccccc1)c1ccccc1,8.86
COCc1nc2c(n1C)C(=O)c1[nH]cnc(=O)c1C2=O,6.17
CNc1nc(SC)nc2[nH]ncc12,3.61
COCCN(CCOC)c1ccccc1,4.11
C1CCC(C2=NCCC2)CC1,6.05
Nc1ccc(S(=O)(=O)Nc2nncs2)cc1,2.15
c1ccc2cc3ncccc3cc2c1,4.92
C=CCNc1ccccc1,4.17
c1cnccn1,0.57
Oc1cccc2cnccc12,5.4
Cc1cccc(N(C)C)c1,5.32
CCCCCCCCCCCCCCCCN(CCCCCCCCCCCCCCCC)CCCn1ccnc1,4.4
CSc1nc(C)cc(=O)n1C,0.9
CC(C)(C)C1(O)CCN2CC(c3ccccc3)c3ccccc3C2C1,7.03
CCN(CC)CCCCCCNc1c2ccc(Cl)cc2nc2ccc(OC)cc12,10.35
Oc1ccc(O)c2ccccc12,11.02
Nc1ccc(C(O)(c2ccccc2)c2ccc(N)cc2)cc1,5.83
Cc1cccc(C)c1C(=NCCCN(C)C)c1ccccc1,8.7
CCN(CC)CCN=C(c1ccccc1C)c1ccccc1C,8.8
Nc1nc(N)c2[nH]cnc2n1,5.05
OC1(c2cc3ccccc3o2)CN2CCC1CC2,8.84
C=C(C)C1CNC(C(=O)O)C1CC(N)=O,9.47
CSc1cc2ccccc2cn1,3.41
O=C(O)c1nc[nH]c1C(=O)O,8.49
CN(C)C=Nc1cccc([N+](=O)[O-])c1,7.29
Cc1ccc(N(C)CO)cc1,3.73
Nc1ccc(Cl)cn1,4.83
Cc1nccnc1C,2.24
COc1ccc(S(=O)(=O)NCCCN2CCOCC2)c(OC)c1OC,6.76
c1ccc2c(c1)nnc1ccccc12,2.2
NC(CC(=O)O)c1ccccn1,9.22
c1c(CN2CCNCCNCC2)n[nH]c1CN1CCNCCNCC1,11.25
CC1CC(OC(=O)c2ccccc2)CC(C)(C)N1,8.97
CN(C)c1nc2cc3c(cc2[nH]1)CCCC3,7.65
O=C1NCCN1,3.09
c1ccc2[nH]c(-c3ccncc3)nc2c1,10.78
CC(CC(c1ccccc1)c1ccccc1)N1CCCCC1,8.8
Nc1ccnc(-c2cccc(Cl)n2)c1,7.7
COc1ccc(N=CN(C)C)cc1,9.35
N#CC(C#N)N=Nc1ccccc1C(=O)O,-0.96
Cc1cc(C(F)(F)F)[nH]n1,-0.5
Oc1cncc2ccccc12,4.8
CCOC1=NC(=O)N=CC1,10.7
Nc1ccc2nc3cc(N)ccc3cc2c1,8.11
CC1=CN(C)CC1C,9.6
CC(C)(C)SC(=N)c1ccccc1,9.24
Cc1nc(C(=O)O)cs1,3.9
CC(C)NCC(O)COc1ccc(CC(N)=O)cc1,9.535
CCOCCNc1cccc(C)c1,4.24
CC(C)(C)CC(=O)n1ccnc1,3.8
CC(N)C(C)N,9.88
COc1cccnc1,4.89
CCNCc1ccccc1,9.75
c1cncc(-c2ccncc2)c1,4.85
Cc1cccc(Nc2ccccc2)c1,0.92
c1cnc2c(c1)c1c(c3cccnc32)CCCC1,5.3
Cc1cccnc1,5.81
CCCc1ccccn1,5.97
CCc1c(C)[nH]n(C)c1=O,3.5
NCCCc1ccccc1,10.27
CC(C)(C)c1cccc(C(C)(C)C)n1,4.95
NC(c1ccccc1)C(O)c1ccccc1,10.46
CCNC(=O)C1CCCCN1,8.6
C[n+]1nc(-c2ccccc2)ccc1NCCN1CCOCC1,5.31
CN(C)c1cccc2c(S(=O)(=O)NCCN3CCNCCNCCNCC3)cccc12,11.8
Nc1cccc(S(N)(=O)=O)c1,2.87
CCNc1ncnc2c1cnn2C,4.24
O=C(O)c1cscn1,2.9
Oc1ccc2c(c1)Nc1ccccc1N2,1.8
CCOC(=O)C(N)CC(C)C,7.63
Cc1ccnc(NS(=O)(=O)c2ccccc2)n1,0.59
O=c1cc(O)cc[nH]1,13.0
OCn1cnc2ccccc21,5.44
Cc1ccccn1,5.98
CC(C)NNC1CCN(C)CC1,9.07
Oc1cc2cccnc2c2cccnc12,3.9
COc1ccc(OC)c(N)c1,3.72
NCCc1cccnc1,9.44
CC(N)CCCc1ccccc1,9.99
Cc1[nH]nc2c(N)cccc12,3.18
Nc1nnnn1-c1cccc(Cl)c1,0.7
NCC[n+]1ccc2c([N+](=O)[O-])cccc2c1,6.65
C(=Cc1nnnn1-c1ccccc1)c1ccccc1,-2.555
O=C1C=CCN=N1,10.46
Oc1ccc2nnccc2c1,3.65
Nc1nc(N)nc(N)n1,5.06
COc1ccncc1,6.65
Cc1[nH]cnc1CSCCN=C(N)NCCCc1c[nH]cn1,11.6
CN(c1ccccc1)C1CCCCC1,6.35
Cc1cccc(C)c1N=NC(C#N)C#N,-0.82
O=C1c2ccccc2CN1C1CC2CCC(C1)N2Cc1ccccc1,8.71
c1cnc2c(c1)ccc1cccnc12,4.96
O=C(CCCN1CCOCC1)c1ccccc1,7.26
NC(=O)CCc1ccncc1,5.58
Cc1ncnc2nccnc12,2.92
CC(CC(C#N)(c1ccccc1)c1ccccc1)N1CCCCC1,7.73
NNCCCc1ccccc1,7.2
NC(=O)c1cncc2ccccc12,3.8
CN(C)CCCNc1c2ccccc2nc2c(N(C)C)ccc([N+](=O)[O-])c12,6.47
Cc1ccnc(NS(=O)(=O)c2ccc(N)cc2)n1,2.08
NCc1ccccc1,9.36
c1ccc2c(c1)CNCCCNCc1ccccc1OCCCO2,10.04
NC(c1ncc[nH]1)c1ncc[nH]1,6.49
CNC(C)Cc1ccccc1,9.87
NC(Cc1[nH]nc2ccccc12)C(=O)O,8.95
Cc1nc2cc(N)ccc2n1C,7.0
Nc1ccc2cnc3ccccc3c2c1,6.88
Cc1ccc(N)cc1CN,9.33
CCCCC(N)C(=O)O,9.825
Nc1nnnn1-c1ccc([N+](=O)[O-])cc1,0.34
Nc1ccc(I)cc1,3.79
Nc1ccc2cc3ccc(Cl)cc3nc2c1,7.26
O=C(O)C1Cc2[nH]cnc2CN1,8.58
CC(C)c1ccncc1,6.02
Nc1ccc2nc3ccccc3cc2c1,5.88
Nc1nc(=O)cc[nH]1,9.42
SCc1c[nH]cn1,6.54
Cc1ccc(N)cc1[N+](=O)[O-],3.0
Cc1cc(C)c2ccc3cccnc3c2n1,5.96
Cc1nc(N(C)C)nc(OC(=O)N(C)C)c1C,4.53
Cc1cc(C)c(CN)cc1N,9.77
CCc1cccc(N=Nc2ccc(N(C)C)cc2)c1,2.16
CC1=C(CC(C)NCC(O)c2ccc(Cl)cc2)CCC1(C)C,8.55
Cc1nc2ccccc2n1C,6.55
CN1CCC(n2[nH]c(-c3ccccc3)c(Cc3ccccc3)c2=O)CC1,9.13
Cc1nc(C(=O)O)ccc1O,5.13
Cc1ccc(N)c(C)c1,4.75
CNc1ccc(C)cc1,5.36
Cc1noc(C)c1C,-1.0
CN1CC(O[Si](C)(C)C)C1,9.1
CCc1c(-c2ccccc2)[nH]n(C2CCN(C)CC2)c1=O,9.15
N#CC(C#N)N=Nc1cccc(Cl)c1Cl,-0.71
COc1ccc(NCCS)cc1,5.3
CNc1cnccc1N,9.14
O=C(CCl)CCl,11.0
CC1(C)CN1,5.37
OCCCCc1ccccn1,5.83
COc1c(Cl)cc(Cl)c(O)c1C(=O)NC1CCN(C)CC1,9.12
CCNc1ccccc1C,4.92
OCCN(CCO)Cc1nc2ccccc2[nH]1,5.93
Cc1cccc(C(=O)O)n1,5.8
CCN(CC)c1ccc(C(O)(c2ccccc2)c2ccc(N(CC)CC)cc2)cc1,7.9
Nc1ccc2cncnc2c1,4.6
Nc1ccc2ccnnc2c1,4.85
Nc1nc(=O)nc(N)[nH]1,9.4
Cc1cncc(C)n1,2.11
Cc1ccc(C(=N)c2ccccc2)c(C)c1,6.79
CCNc1cccc2ccccc12,4.19
COC(=O)C1C(OC(=O)c2ccccc2)CC2CCC1N2C,8.63
N=C(N=c1nc(N)[nH]c(N)n1)Nc1ccccc1,8.2
CN1C2=CCCC1CCC2,8.8
Cc1cc(N)ccc1[N+](=O)[O-],1.64
C=CCC(C)(CN(CC)CC)OC(=O)c1ccccc1,7.8
Cn1cnc2cccc(N)c21,5.79
S=c1cccc[nH]1,9.89
CCc1cncc(C)c1,5.2
Fc1cccc2[nH]cnc12,4.4
c1cnc2c(c1)ccc1c3c(cnc12)CCCC3,5.66
Nc1nc2ccccc2c2ccccc12,7.31
NNC(=O)c1ccccc1N,3.47
Cc1cc(Cl)n(C)c2nc3ccccc3c1-2,7.45
N#CC(CCN1CCCCC1)(c1ccccc1)c1ccccc1,8.07
Oc1ccc(F)cc1CN1CCOCC1,6.78
CSc1n[nH]c(N)n1,3.27
Cc1cccc(C)c1Oc1ccccn1,2.26
CCN(CC)CCC(OC(=O)c1ccccc1)c1ccccc1,7.53
Cc1nc(N)c2cnn(-c3ccccc3)c2n1,4.52
CC1CCCC(C(=O)O)N1,10.4
NCC(=O)NCC(=O)NCC(=O)N1CCCC1C(=O)O,8.04
Cc1cnc2c(c1)cc(C)c1cc(C)cnc12,5.27
Nc1ccc(N)cc1,6.16
CCCN(C)c1ccccc1,5.67
Nc1cccc2cc3ccccc3nc12,4.4
O=[N+]([O-])c1ccc2[nH]c(CCl)nc2c1,2.21
CON,4.62
CN(C)c1ncccn1,3.96
C=Cc1cccnc1,4.87
OCCCCCc1ccncc1,6.04
Oc1c(Cl)cc(Cl)c(Cl)c1CN1CCOCC1,8.83
CCCSC(=O)CCCc1c[nH]cn1,7.55
CCOC(=O)COc1ccc(C(=O)c2ccc(O)c(CN)c2)c(Cl)c1Cl,10.6
ONc1ccc(Cl)cc1,2.58
CC(C)c1ccccn1,5.83
COC1CC=C2CCN3CCC(CO)=C(CCO)C23C1,8.69
COc1ncnc2nccnc12,1.04
COc1cnccc1C=O,4.45
CNNC1CCN(C(C)C)CC1,9.1
Cc1ccc2c(c1)N1CCN2CC1,5.83
Nc1ccc(S(=O)(=O)Nc2ccncn2)cc1,1.3
CC(=O)CCl,13.57
Cc1cc(-c2ccccc2)n[n+](C)c1NCCN1CCOCC1,5.12
NCc1ccc([N+](=O)[O-])cc1,8.5
COc1ccccc1C(=NCCCN(C)C)c1ccccc1,9.0
Cc1ccc(C)c(C(=N)c2ccccc2)c1,6.79
Oc1ccccc1CN1CCCC1,8.81
Cc1cc(C)cc(C(=N)c2ccccc2)c1,6.82
Nc1ccc(-c2cnc(-c3ccc(Br)cc3)o2)cc1,3.51
O=C(O)C1CCCN1C(=O)C1CCCN1,9.27
CN(C)CCCNc1c2ccccc2nc2c(Cl)ccc([N+](=O)[O-])c12,5.0
NCCc1c[nH]cn1,9.87
c1cn[nH]c1,2.61
CCCCN1CCCCC1C(=O)Nc1c(C)cccc1C,7.27
CC(C)(N)Cc1ccccc1,10.13
CCCNc1ccccc1,5.12
Cc1ccncc1,6.15
OCc1cc(-c2ccccc2)nnc1NCCN1CCOCC1,6.99
CN(C)C(=S)c1ccccc1,-2.3
Nc1cc([N+](=O)[O-])cc2ccccc12,2.24
CC(C)CN(C)c1ccccc1,5.2
Cn1cccn1,2.48
CNCc1ccc(C)cc1,9.93
O=C(O)c1c2cccc1COCCOCc1nc(c[nH]1)COCCOC2,7.05
c1ccc2nc3ccc4ccccc4c3cc2c1,4.39
CCCCNCC(=O)Nc1c(C)cccc1C,8.04
CCCCCCCCNCc1ccc(C)cc1,9.47
N=C1NS(=O)(=O)Nc2[nH]cnc21,0.28
OCc1ccccn1,4.66
Cc1cscn1,3.14
CC(=O)c1cccnc1,3.32
CCNCC#CCNCC,8.32
Cc1ccc(-c2cnc(-c3ccc(Cl)cc3)o2)cc1,0.58
C1CCC(N2CCCC2)CC1,10.7
CCC12CCCN3CCc4c(n(c5ccccc45)CC1)C32,6.9
Cc1cc(N)cc(C)c1C(=O)NCCN1CCOCC1,5.96
COc1c(C)cccc1C(=O)NC1CC2CCC(C1)N2Cc1ccccc1,8.92
CC(=O)C(CN1CCOCC1)c1ccccc1,6.23
Cc1ccccc1C(=NCCCN(C)C)c1ccccc1-c1ccccc1,9.25
O=C(OC1CC2CCC(C1)N2)C(CO)c1ccccc1,10.28
Cc1cc(-c2ccccc2)n[n+](CCN2CCOCC2)c1N,4.84
N#CC(C#N)N=Nc1ccc(Cl)cc1,-0.79
Nc1ccc2cc3cc(Cl)ccc3nc2c1,6.95
Cc1ccc(N=Nc2ccc(N)cc2)cc1,3.04
C=CC(=O)NC(C)(C)CCN(C)C,9.39
Nc1c(C(=O)O)ncn1C1OC(CO)C(O)C1O,5.9
CCOC(=O)CCCN,9.71
CCC1CN2CCC1CC2C(O)c1ccnc2ccc(OC)cc12,8.67
COc1ccccc1C(=N)c1ccccc1,7.29
Cc1nc(CO)[nH]c1C,7.88
Cc1nc2[nH]c(=O)[nH]c(=O)c2[nH]1,3.1
O=C(O)C1CCN1,9.54
CN1CCC(NN)CC1,8.85
CN(C)c1ncnc2[nH]ncc12,4.53
CN1CCCC1c1ccc(Cl)nc1,-1.3
O=C(Cc1ccc2ccc3cccnc3c2n1)c1ccccc1,4.4
O=C(O)C1CCCC(C(=O)O)N1,9.92
CCOC(=O)c1cnc(N(C)C)s1,2.77
COc1ccc(F)cc1C(=O)NC1CC2CCC(C1)N2Cc1ccccc1,8.82
O=C(O)C1CSCN1,6.185
COc1cc(O)ccc1C(=N)c1ccccc1,5.99
Nc1ccc(B(O)O)cc1,3.71
c1cnc2[nH]ccc2c1,4.48
c1coc(CNc2ncnc3[nH]ncc23)c1,4.01
NC(=NO)c1ccccc1,4.97
CC(N)C(O)c1ccccc1,8.81
COc1ccc(S(=O)(=O)CCN2CCCCC2)c(OC)c1OC,7.24
CNc1nc(NC)c2c[nH]nc2n1,6.08
Cc1ccc2c(c1)ncn2C1OC(CO)C(O)C(O)C1O,4.32
CCN1CCCC1CNC(=O)c1c(OC)ccc([N+](=O)[O-])c1O,9.12
Cc1ccc(-c2cnc(-c3ccc(C)cc3)o2)cc1,1.12
c1ccc2scnc2c1,1.38
CN(C)c1ccn(C)c(=O)n1,4.2
CCOC(=O)c1c[nH]c2ccc([N+](=O)[O-])cc2c1=O,8.0
c1ccnnc1,2.33
COc1ccc(-c2ncc(-c3ccc(C)cc3)o2)cc1,1.34
CN(c1ccccc1)C(C)(C)C,7.5
N#CC(C#N)N=Nc1ccccc1,-0.82
Nc1ccccc1S(N)(=O)=O,1.0
Nc1ccc2c(N)c3ccccc3nc2c1,11.49
CC1=NCCCCN1,12.7
c1ccc(Cn2ccnc2)cc1,6.66
O=c1ccc(=O)[nH][nH]1,13.0
Cc1ncncc1N,3.15
c1c[nH]cn1,7.07
NCCCCOc1c2ccccc2cc2ccccc12,9.94
CNCC(C)c1ccccc1,9.87
CNCCCN1c2ccccc2CCc2ccccc21,10.65
Oc1cncnc1,1.87
Nc1nccc2c1ncn2CCOCP(=O)(O)O,7.87
Cn1c(=O)c2c(ncn2CC(=O)O)n(C)c1=O,4.48
NC(=O)CC(=O)c1ccncc1,7.36
NC(=O)c1c2cccc1COCCOCc1nc(c[nH]1)COCCOC2,5.72
CC(=Nc1ccccc1)Nc1ccccc1,8.3
Cc1nc2cc(C(=O)O)ccc2[nH]1,6.0
Cc1cccc(NCCS)c1,4.68
Cc1ccc(N)cc1Cl,4.05
O=C(CCN1CCOCC1)C(c1ccccc1)c1ccccc1,6.39
Clc1cccc(-c2ccccn2)n1,3.7
S=c1cnc2cncnc2[nH]1,5.5
NC(=O)CCc1cccnc1,5.21
Nc1ccc(S(=O)(=O)Nc2nccs2)cc1,2.35
Cn1c(-c2ccccc2O)nc2ccccc21,8.92
CCN(CC)CC(=O)Nc1ccc([N+](=O)[O-])cc1,8.05
CCCc1ccc(C2CCCN2C)cn1,3.65
c1ccc(CN2CCCC2)cc1,9.51
S=c1ccc2ccccc2[nH]1,10.21
O=C(O)c1ccoc1,-0.59
Cc1c(O)cncc1C1CCCCC1,5.6
CCc1cc(N=Nc2ccc(N(C)C)cc2)ccc1C,2.59
COc1cccc(Nc2ccccc2)c1,0.37
Cc1cccc(C)c1NC(=O)CN(C)C,7.36
Nc1cccc2cnccc12,5.59
CN(C)c1ccc(N=Nc2ccccc2)cc1,2.85
COC(=O)C(N)Cc1c[nH]cn1,7.35
CC1CCN(O)C1(C)C,5.9
Cc1ncc[nH]1,7.97
CC(C)N,10.64
COc1ccnc2c1ccc1c(OC)ccnc12,6.45
CCNN,7.95
CC(N)Cc1ccccc1,9.9
NC(CC(=O)O)C(=O)NC(CC(=O)O)C(=O)O,8.26
CN=c1scc(C)n1C,9.97
Nc1nc(CC(=O)O)c(O)n1CCCC(N)C(=O)O,9.55
CN1C2CC(OC(=O)C(CO)c3ccccc3)CC1C1OC12,7.55
COCCNc1cccc(C)c1,4.29
c1ccc2c(c1)CCC2N(c1ccc2ccccc2c1)C1CCc2ccccc21,0.25
CC1=C(CC(C)NCC(O)c2ccc(Br)cc2)CCC1(C)C,8.57
Nc1ccc(CC(=O)O)cc1,5.2
Nc1ccc2c([N+](=O)[O-])cccc2c1,3.16
Cc1cccc(N)c1-c1c(C)cccc1N,3.7
CCN(CC)Cc1cc(C)ccc1O,8.94
CNc1ncccn1,3.82
NCc1ccc(S(N)(=O)=O)cc1,8.35
CCN(CC)CC(=O)Nc1c(C)cccc1C,7.72
c1c[nH]c(Cc2ncc[nH]2)n1,7.27
O=C(O)CNCCc1nn[nH]n1,9.23
C=CCc1c(C)[nH][nH]c1=O,2.8
CC1(C)SCNC1C(=O)O,6.34
Cc1cc(C)n(C)n1,3.96
N=C(N)Nc1ccccc1,10.79
NC1CONC1=O,7.53
NC(=O)Cc1cccnc1,4.72
CC(C)(C)C1=CC(=C2C=CC=CC=C2)C=C(C(C)(C)C)C1=O,4.48
NCCc1ccc(Br)cc1,9.65
Nc1cc2ccccc2cc1[N+](=O)[O-],1.48
CCOc1ccc(Nc2ccccc2)cc1,1.41
Cn1c(=O)[nH]c2ncn(C)c2c1=O,0.5
Cc1ccc2[nH]c(CO)nc2c1,5.64
CCCP(=O)(CCC)CCC,4.9
CCN(CC)Cc1cc(Cl)ccc1O,11.19
O=C(O)c1cccnc1,4.83
Nc1ccc(-c2ccccc2)cc1,4.38
CCc1ccccn1,5.98
COc1cnccn1,0.75
CN(C)CCC(c1ccccc1)c1ccccn1,9.29
O=C(CN1CCOCC1)c1ccccc1,5.97
Nc1ccc(N)c(N)c1,6.1
CC1OC(n2ccc(N)nc2=O)CCC1OC1OC(C)C(N(C)C)C(O)C1O,7.0
Cc1cccc(Cl)c1C(=NCCCN(C)C)c1ccccc1,8.8
SCCNCCc1ccccc1,10.28
Nc1nc(=O)c2ncn(C3OC(CO)C(O)C3O)c2[nH]1,9.41
Nc1ccnc(-c2cc(N)ccn2)c1,8.8
CN(C)c1ccc(SC#N)cc1,3.3
CCNCC(=O)O,10.16
Cc1nccn1C,7.64
Cn1nncc1Nc1ccccc1,1.73
CN(C)c1cccc2c(S(N)(=O)=O)cccc12,3.8
O=C(c1ccccc1)n1cnc2ccccc21,1.8
Clc1ccc(-c2cnc(-c3ccccc3)o2)cc1,0.7
c1cc(N2CCCC2)ccn1,-0.53
OCCCCc1cccnc1,5.7
COc1ccc(C(O)CNC(C)CC2=C(C)C(C)(C)CC2)cc1,8.79
CC(C)(C)C(=O)n1cnc2ccccc21,2.0
Nc1cccc(I)c1,3.59
Cc1nnc(NS(=O)(=O)c2ccc(N)cc2)s1,2.19
CC1(N)CC1(C)N,9.03
Cc1ccc(Nc2ccccc2)cc1,1.16
Cn1cc(N)cc1C(=O)O,7.0
COc1ccc(-c2cc3cnccc3[nH]2)c(OC)c1,8.49
Cc1cc(=O)n(-c2ccccc2)n1C,1.45
c1ccc(NCCN2CCCCC2)cc1,9.2
CN(C)CCCN=C(c1ccccc1)c1ccccc1Cl,9.0
NC(=O)CC(=O)c1cccnc1,8.61
CC1=Nc2ccccc2N=C(C)C1,3.85
CSc1ccc(N)cc1Cl,3.38
Nc1ncc2ncn(C3OC(CO)C(O)C3O)c2n1,3.4
c1cncnc1,1.3
COc1ccc(S(=O)(=O)CCN2CCOCC2)c(OC)c1OC,4.89
Cc1cc([N+](=O)[O-])ccc1N,1.97
O=[N+]([O-])c1cccc(Nc2ccccc2)c1,-1.27
CC[n+]1ccc(O)[nH]c1=S,8.7
Nc1nc[nH]n1,4.3
COCCNc1ccccc1,4.05
Oc1c(Cl)cc(Cl)cc1CN1CCOCC1,8.85
Cc1ccncn1,1.99
O=C(O)CC(c1ncc[nH]1)c1ncc[nH]1,6.9
c1ccc(-c2cccc(-c3ccccn3)n2)nc1,3.97
CCOC(=O)CC(N)c1ccccc1,8.32
c1ccc(-c2cccnc2)nc1,4.42
COc1cc(S(C)(=O)=O)cc(C(=O)NC2CC3CCC(C2)N3Cc2ccccc2)c1OC,8.92
Cn1c(=O)c2[nH]cnc2n(C)c1=O,8.64
c1cc(N2CCOCC2)c2c(N3CCOCC3)cccc2c1,7.49
O=C(O)CSc1nc2cc3ccccc3cc2[nH]1,4.68
Cc1cc[nH]c(=O)n1,9.8
O=Cc1ccccn1,3.86
Nc1cccc2ccc([N+](=O)[O-])cc12,2.83
CC1=CCCN1C,11.94
COc1cc(C#N)cc(C(=O)NC2CC3CCC(C2)N3Cc2ccccc2)c1OC,8.7
N#CCc1cccnc1,3.78
Cc1ccc(C(C)C)c(OCCN(C)C)c1,8.66
NCc1ccc(O)c(O)c1,8.6
c1ccc(-c2cc3cccnc3c3ncccc23)cc1,4.72
Cc1n[nH]c(C)c1C,4.82
CCN1CC(O[Si](C)(C)C)C1,8.68
COc1ccc(N(C)CO)cc1,4.59
c1ccc2[nH]nnc2c1,1.6
C[Si](C)(CN)c1ccccc1,10.45
CC1=NC(=S)N=CC1,8.0
O=C(O)CN(CC(=O)O)Cc1ccccc1O,11.79
NCC(=O)c1ccc(O)cc1,8.05
NCCc1ccc(O)c(O)c1,8.89
CNc1ccccc1,4.8
Cn1ncc2c(NC(C)(C)CC(C)(C)C)ncnc21,3.96
O=C(CN1CCOCC1)NCc1ccccc1,4.98
CNCCCCc1ccccc1,10.76
Cc1nnc(C)c(C)c1C,5.36
Cc1cnnc2c(O)cccc12,3.18
Cc1cc(C)c(C)c(N)c1C,4.3
Cc1cnc2cncnc2n1,3.49
NCc1cc(Cl)ccc1[N+](=O)[O-],8.19
Cc1cccc(C)c1NC(=O)CNCC(C)C,7.83
COCCc1nc(C)c[nH]1,8.13
Nc1ccc2ccncc2c1,6.2
FC(F)(F)c1cc(-c2ccccc2)nnc1NCCN1CCOCC1,6.75
Cc1cnc2c(ccc3cc(C)cnc32)c1,5.23
CN(C)Cc1cc(Cl)ccc1O,10.97
CNc1nc(C)nc2[nH]ncc12,5.56
CCCCn1cnc2ccccc21,5.31
CC(=O)Nc1ccc(C2CCCN2C)cn1,2.2
NCC(=O)Nc1ccccc1,8.12
Nc1nc2cc3c(cc2[nH]1)CCCC3,7.69
Nc1nc(N)c2cnn(-c3ccccc3)c2n1,4.49
CCCCCCCCCCCCNc1ccccc1,4.12
CCC(C)Nc1ccccc1,5.47
COC(=O)c1nc2cc(Cl)ccc2[nH]1,0.3
CCN(CCO)c1ccc(N)cc1,7.12
Cc1c[nH]cn1,7.51
O=C(CCN1CCOCC1)c1cccc(Br)c1,6.8
Cc1ccccc1NC(=O)CN,7.81
Cc1cc([N+](=O)[O-])cc(C)c1N,0.98
c1ccc(C2=NSC(N3CCOCC3)=NS2)cc1,8.33
Cc1cc(=O)n(-c2nc(=O)c(C)c(C)[nH]2)[nH]1,10.3
CCOc1cccc(N=CN(C)C)c1,8.87
OCc1nc2ccccc2[nH]1,4.82
CC1CCCCN1,10.98
CN1C2CC=C(C(=O)O)C1CC2,10.85
CN(C)c1ccc([N+](C)(C)C)cc1,2.64
c1cscn1,2.6
CCN(CC)CCCCCCCC(C)Nc1c2ccc(Cl)cc2nc2ccc(OC)cc12,10.4
NCCCc1ccccc1O,9.51
CNCC(=O)Nc1c(C)cccc1C,7.99
COc1nc(N)c2ncn(C3OC(CO)C(O)C3O)c2n1,3.2
COc1cc(NS(C)(=O)=O)ccc1-c1cn2cccnc2n1,4.17
COC(=O)C1CN2CCC1CC2,9.4
OCCCCc1ccncc1,6.01
CC(N)C(=O)O,9.775
c1ccc2c(c1)C1CCN2CC1,7.79
NC(CC(=O)O)C(=O)O,9.54
CC(=O)Oc1ccccc1C(=O)NCC(=O)O,3.77
Nc1c([N+](=O)[O-])ccc2ccccc12,-1.6
COC(=O)C(C)(C)c1c[nH]c(CO)n1,6.18
O=c1[nH]cnc2ccccc12,9.81
C=c1[nH]cc(C)c(=CNCCCCCC)c1=O,6.22
COc1ccc(CON)cc1,4.42
Cc1cccc2cc3ccccc3nc12,4.5
Cc1ccnc(N)c1,7.48
Clc1cc(-c2ccccc2)nnc1NCCN1CCOCC1,6.64
Clc1ccc(CC(=CCN2CCCC2)c2ccccc2)cc1,8.77
CCCc1ccccc1N,4.36
CC(=O)OCC1CN2CCC1CC2,10.29
CCCn1cncn1,2.36
CCCCCNCc1ccc(C)cc1,10.08
CCCc1cccnn1,3.59
CN(C)c1ccc(C=O)cc1,1.6
Nc1cccc(O)c1,4.29
CCC(C)C(N)C(=O)O,9.695
Cn1ncc2c(N)ncnc21,4.32
O=C(CCN1CCOCC1)c1cccc([N+](=O)[O-])c1,6.5
CN(C)c1cccc(C#N)c1,2.97
O=[N+]([O-])c1cccc2c[nH]nc12,-0.83
Nc1ccc2c(c1)CCCC2,5.2
Cc1c(C(C)C)c(=O)n(-c2ccccc2)n1C,2.4
Nc1ccc(-c2cnc(-c3ccccc3)o2)cc1,3.68
CN1CCC(NNc2ccccc2)CC1,8.7
N=C(Nc1ccccc1)Nc1ccccc1,9.94
NC(CC(N)c1ccccc1)=NO,8.0
CC(C)C(N)C(C)C,10.4
COc1cc([S+](C)[O-])ccc1-c1nc2cnncc2[nH]1,3.81
Cn1ccc(=S)cc1,1.36
CN=C(N)CCNS(=O)(=O)c1ccc(C)cc1,10.02
O=C(O)C(CO)NCc1cc([N+](=O)[O-])ccc1O,9.75
O=C(O)c1nccs1,2.57
S=c1cc[nH]c2ccccc12,8.83
CCCCCc1cccnn1,3.7
CCOC(=O)c1c[nH]c2c([N+](=O)[O-])cccc2c1=O,8.9
CSC(=N)c1ccccc1,5.84
CCOc1ccc(N)cc1,5.25
C1=C(c2nc3ccccc3o2)C2CCN1CC2,7.23
Cc1cc2c(cc1N)Sc1cc(N(C)C)ccc1N2,5.11
O=C(Cc1cccnc1)c1ccccc1,5.355
Nc1cccnc1,6.08
Nc1nc2ccccc2s1,4.51
CC(N)C(=O)NC(Cc1c[nH]cn1)C(=O)O,7.42
COc1ccc(NCO)cc1,3.72
Nc1ccc(-c2ccc(N)cc2)cc1,4.31
CCc1cnccc1N,9.17
Cc1csc2nccn12,5.36
Brc1ccc(-c2ncc(-c3ccccc3)o2)cc1,0.4
Cc1ccccc1C(=NCCN(C)C)c1ccccc1C,8.5
CC(N)CCc1ccccc1,9.78
O=C(O)c1ccc[nH]1,-0.65
Cc1cc(=O)[nH]c(=O)[nH]1,9.29
Cc1ccccc1C(N)=NO,4.03
COc1cc([S+](C)[O-])ccc1-c1nc2ccccc2[nH]1,4.76
Nc1cccc2cncnc12,2.81
O=Cc1cccnc1,3.73
CCC(N)CCCl,8.53
CCCCNc1cc[nH]c(=S)n1,11.13
Nc1ccc2c(c1)CCC2,5.35
CCN(CC)c1ccccc1C,7.18
Cn1c(=O)c2c(=O)cn[nH]c2n(C)c1=O,8.51
CCC1=NCCC1,7.91
c1ccc(-c2ccc(NCCN3CCOCC3)nn2)cc1,6.74
Nc1ccc2c[nH]nc2c1,4.355
Cc1ccnnc1C,4.1
CN(C)c1ccc(C2=CN3CCC2CC3)cc1,9.82
CN=c1sc2c(n1C)CCCC2,10.0
c1ccc(-c2nnc(-c3ccccc3)o2)cc1,1.96
O=c1[nH]c(=O)c2[nH]nnc2[nH]1,9.3
Nc1cccc2nnccc12,2.7
Nc1nc(=O)c2ncn(C3C=CC(CO)C3)c2[nH]1,9.68
S=C1C=C2C=CC=CC2C=N1,0.39
CC1=NC(=S)N=C(C)C1,8.5
CCc1ccncc1,5.94
Oc1cccc2[nH]ncc12,8.65
CN1C=C(C#N)C=CC1,2.7
CN(C)CCCCCNc1c2ccccc2nc2cccc([N+](=O)[O-])c12,7.4
COc1ccc2nc3ccccc3cc2c1,3.82
Nc1ccc2cc3c(ccc4ccccc43)nc2c1,7.42
Cn1cnc2ncncc21,2.29
COc1ccc(-c2nc3cccnc3[nH]2)c(OC)c1,4.63
NNC(=O)c1ccccn1,2.86
COC(=O)C1CCCN(C)C1,8.45
Cn1ccc2ccc3cccnc3c21,4.36
CN1CCc2cccc3c2C1Cc1ccc(O)c(O)c1-3,7.08
CN1c2ccccc2Nc2ccc(O)cc21,1.0
Cn1ccc(=NC(=O)c2ccccc2)cc1,9.89
Cc1ncc(CO)c(C)c1O,5.4
Cc1[nH]nc2cc(N)ccc12,4.0
C[Si](C)(C)c1ccc(N)cc1,4.36
CCN1CCCC1CNC(=O)c1c(O)c(Cl)cc(Cl)c1OC,9.12
CON=C(C)CC(C)(C)NCCNC(C)(C)CC(C)=NO,6.28
CCCCc1c(C)[nH]c(NCC)nc1=O,11.04
NCCc1ccccn1,9.51
Nc1cc2ccccc2cn1,5.05
Nc1cccc2nn(C3CC(O)C(CO)O3)nc12,2.4
CC(C)(C)c1cccnc1,5.82
CCNc1ncnc2[nH]ncc12,4.6
OCC1CCN2CCC(O)C12,10.24
COc1nccc(C)n1,2.1
CC(N)CCc1ccc(O)cc1,9.14
Nc1ccc(F)cc1,4.64
COc1ccc(C=O)cc1C(=O)NC1CC2CCC(C1)N2Cc1ccccc1,8.74
COC(=O)c1ccc(N)cc1,2.44
CCCCCNc1ccccc1,5.2
Cc1cc(Br)cc(C)c1N,3.54
Cc1[nH]nc2ccc(N)cc12,5.25
Nc1nc(N)c2ccccc2n1,8.12
CCCN(CC)C(CC)C(=O)Nc1c(C)cccc1C,6.62
O=C(O)CCc1c[nH]cn1,7.55
CC(CC(C)=Nc1ccccc1)=Nc1ccccc1,7.22
CCC(=O)c1ccccc1,17.56
Sc1cccnc1,2.28
Cc1cc(C)n(-c2ccccn2)n1,1.89
Cc1cc(C(N)CO)c(O)c(C(N)CO)c1,9.0
CCCC(N)C(=O)O,9.86
CNC(=O)C=C(c1ccc2nc(N)n(C(C)C)c2c1)c1cccc(F)c1F,6.69
NCc1ccc(Cl)c(N)c1,9.33
NCCc1ccccc1,9.89
NCC(=O)Nc1ccc([N+](=O)[O-])cc1,8.5
Nc1ccccc1,4.6
C[Si](C)(C)c1cccc(N)c1,4.64
NCC(O)c1ccc(Cl)cc1,9.04
CCOCCN(C)c1ccccc1,4.8
CC(C)(C)NCC(O)COc1nsnc1N1CCOCC1,9.7
CCN(CC)CC(=O)NC1CCc2ccccc21,8.19
Cc1cc(N)ccc1CN,9.77
CN(C)c1cc[n+](O)cc1,-7.58
CC(=O)c1ccc(N)cc1,2.27
Cc1cccc(CN)c1,9.37
C(CNCCc1nn[nH]n1)NCCc1nn[nH]n1,9.33
Cc1cc(-c2ccccn2)nn1C,4.52
CN(C)C=Nc1ccccc1Cl,6.85
Cc1ccccc1C(=NCCCN(C)C)c1ccccc1Cl,8.95
NC(=O)c1ccccn1,2.25
CCCN1C=CC(=CC=C2C=CC(=O)C=C2)C=C1,8.5
CC(O)C(O)c1cnc2[nH]c(N)nc(=O)c2n1,10.06
Cc1nc2ccccc2n(C)c1=O,0.51
CNc1ccc(O)cc1,6.0
COc1ccnnc1,3.7
c1ccc2ncncc2c1,3.51
NCC(=O)N1CCCC1C(=O)O,8.49
CC(=O)N(C)c1ccccn1,2.01
CCNc1ccc(C)cc1,5.72
CCC12CCCN3CCC4(c5cccc(OC)c5NC4CC1)C32,8.46
c1ccc2nc3ccccc3cc2c1,5.48
COC(=O)c1cc(Br)c(=O)n(N)c1,2.4
Cn1c(CBr)nc2c(O)ccc(O)c21,3.99
CCn1c(=O)n(C)c2ccccc21,-3.7
CN(C)C=Nc1ccccc1Br,6.71
CN1CCn2c(nc3ccccc32)C1,2.55
CCNc1nc(N)nc(N)n1,5.23
CC1=C(CC(C)NCC(O)c2ccc(C)cc2)CCC1(C)C,8.71
CC(=CC=CC(C)C(=O)O)C1CNC(C(=O)O)C1CC(=O)O,9.82
O=C(O)C1CCCCN1,10.63
CCN(c1ccccc1)C(C)(C)C,8.02
C(=CCC=Nc1ccccc1)C=Nc1ccccc1,8.52
CNCC(O)c1ccccc1,9.31
NC(Cc1ccccc1)C(=O)O,9.155
CN=C1C(C)(C)c2ccccc2C1(C)C,7.0
CCN(CC)Cc1cccc(C)c1O,10.91
Cn1cc(O)nc1N,13.4
CSc1nc(N)c2[nH]cnc2n1,3.1
Cc1ccc(CN)cc1N,9.77
N=C1CCCC1,8.95
OC1C=CC=CC=C1,-7.0
CN(C)CCNS(=O)(=O)c1cccc2c(N(C)C)cccc12,10.94
NC(=O)CCc1ccccn1,5.09
Brc1ccnc2c1ccc1cccnc12,4.03
NC(=O)Cc1ccncc1,5.08
Cc1cc(=O)[nH]c2c1CCO2,8.44
N#Cc1cccnc1,1.48
N#CC(C#N)N=Nc1ccccc1Cl,-0.77
CCc1ccnc2c1ccc1cccnc12,5.44
Cc1cnc2c(ccc3c(C)c(C)cnc32)c1C,6.31
Nc1ccc2c(c1Br)CCCC2,3.05
NCC(O)C1N=C(N)NC1C(=O)O,11.9
CCCc1c(C)[nH][nH]c1=O,2.8
CN(C)c1ccc(C=Nc2ncc3[nH]cnc3n2)cc1,5.26
Nn1cnnc1,2.53
c1cnc2c(c1)ccc1ncccc12,4.0
C1=C(c2nc3ccccc3s2)C2CCN1CC2,7.4
SCCNCc1ccccc1,10.28
Nc1ccc(S(=O)(=O)Nc2cccnn2)cc1,1.3
Cn1c(CCl)nc2c(O)ccc(O)c21,4.03
Cn1nnnc1N,1.82
NC(=O)CCCCc1ccncc1,5.92
CCN1CC1,7.91
CN(C)CCCN=C(c1ccccc1)c1ccccc1,9.4
CNc1ccncn1,6.12
c1cc2nccnc2cn1,2.5
OCCCc1ccccn1,5.71
CC(C)N(CCc1ccccc1)CCc1ccccc1,10.02
CCN(CC)Cc1cc([N+](=O)[O-])c2ccccc2c1O,11.04
Cc1ccccc1N(C)C,6.0
CC(C)CC(N)C(=O)NC(Cc1c[nH]cn1)C(=O)O,7.235
CCSC(=O)c1cccc(Br)c1,-5.53
Cc1[nH][nH]c(=O)c1C(C)C,3.0
CCC(C)(C)Nc1ccccc1,6.55
CC(CN)c1ccccc1,9.94
Nc1ccncn1,5.7
CNC(=S)c1ccccc1,-2.5
Cc1cnccn1,1.42
CC=C1CN2C3CC45c6ccccc6N(C)C4C2CC1C3C5O,8.5
N=C(c1ccccc1)c1ccccc1,6.82
CCN=C(CC(=O)c1cccc(S(=O)(=O)O)c1)n1ccnc1,4.5
CN(C)c1ccc(C=Cc2cc(N)c3ccccc3n2)cc1,9.7
CNc1cccnc1,6.41
Oc1ccccc1-c1ccccn1,4.2
Cc1cc(=O)n(-c2ccccc2)[nH]1,1.07
CN(C)c1ccc(NC(=O)C=NO)cc1,4.94
CCN1CCCC1CNC(=O)c1cc(S(N)(=O)=O)ccc1OC,9.12
CC(C)NCC(O)COc1ccccc1,9.45
CC(=O)n1ccnc1,3.6
CCc1cc(C)nnc1C,4.73
Nc1ncc(Sc2ccccc2)s1,4.16
O=C(C=Cc1c[nH]cn1)OCCCl,4.8
c1coc(C2CN3CCC2CC3)c1,10.03
COc1cccc(CN)c1O,8.7
Cc1ccc(C(=O)O)s1,-0.57
Cc1nc[nH]c1C,8.19
CCOC(=O)CCCc1ccccn1,5.32
Cc1ccccc1N,4.45
CN1C2=C(CCCC2)SC1N=N,8.2
Cc1ccn(C)c2nc3ccccc3c1-2,8.35
c1ncc2c(n1)NCCN2,6.63
CC(=O)c1ccccc1N,2.31
S=C(N=Nc1ccccc1)NNc1ccccc1,4.64
CC1C2Cc3ccc(O)cc3C1(C)CCN2CCF,8.35
CC(=O)N(N=C(C)C)C1CCN(C)CC1,8.6
CCC1CN1CC,8.19
CN(C)Cc1cnc2ccc(-c3ccccc3)nn12,2.99
COC1CC=C2CCN3CCC(CO)C(=CCO)C23C1,8.42
NC1CCCc2ccccc21,9.66
CN1C2CCC1CC(OC(=O)C(CO)c1ccccc1)C2,9.66
O=C1N=CCc2ccccc21,-1.2
Cc1nnc2c(c1C)CCCC2,5.41
C[n+]1ccc(NN)c2ccccc21,2.61
CCCCCCN(CCCCCC)c1ccccc1,4.89
CCOC(=O)c1ccc(N)cc1,2.58
CCOC(=O)Cc1ccccn1,4.25
NNc1nncc2ccccc12,7.25
CCN1CCC2(C)c3cc(O)ccc3CC1C2C,9.42
CCC(C)C(=O)CCN1CCOCC1,7.07
COc1ccc(N(C)C)cc1,5.86
O=C1N=CCc2nccnc21,11.05
Cc1c(O)oc(C(C)(C)C)c1O,4.84
CC(C)Cc1ccc(O)c(CN(C)C)c1,8.51
O=[N+]([O-])c1ccncc1,1.86
Cc1cc(-c2ccccc2)nn2ccnc12,4.84
COc1ccc(-c2cnc(-c3ccccc3)o2)cc1,1.05
N=C1CC=NC(=S)N1,10.63
CCOc1nc(=O)cc[nH]1,8.2
Nc1nc2cc3ccccc3cc2[nH]1,7.01
O=C(CCCCN1CCOCC1)c1ccccc1,7.5
CN(C(=O)c1ccccc1)c1ccccn1,1.44
NNC(=O)c1cccc(N)c1,3.16
Nc1ccccc1-c1ccccc1,3.81
COCc1ccccc1CN(C)C,9.19
NCc1cccc(O)c1O,8.3
O=c1o[nH]c2c1CCNCC2,9.6
Nc1nc(N)c2[nH]c(N)nc2n1,6.23
S=C1N=C(c2ccccc2)C(SCc2ccccc2)N1,-3.31
CC1CCN2CCCC12,11.44
C1CCc2nnc3c(c2CC1)CCCC3,6.03
CCOC(=O)CC(NC)c1ccccc1,8.23
CN(C)CCCCC(=O)Oc1cccc([N+](=O)[O-])c1,10.07
O=c1cc[nH]c2cccnc12,10.01
CN(C)CCN1C=Nc2cccc3cccc1c23,4.64
CC(C)(C)CC(=O)n1cnc(Br)c1,4.0
Clc1cc2cccnc2c2ncccc12,4.22
Nc1ccnc(-c2ccccn2)c1,8.1
O=C(O)C12CNCCC1O2,9.14
Oc1ccccc1CN1CCCCC1,11.01
CNc1c(C)cccc1C,6.12
Cc1ncnc2c(O)cccc12,2.9
OCCn1cnc2ccccc21,5.29
COCCCCNc1ccccc1,4.6
NNCCc1ccccc1,7.25
CN(C)c1ccc(C2CN3CCC2CC3)cc1,10.29
C#CC(C)(C)Nc1ccccc1,4.26
Cc1cc(N)cc[n+]1[O-],4.1
O=C1N=CCC=N1,9.17
COc1ccc2c(c1)NCCN2,5.26
CNCCc1ccccc1,10.23
CC1CCNC(C)(C)C1,11.1
Nc1ccc(C=O)cc1,1.74
O=C1C=CCC=N1,11.68
O=C(O)c1ccc(N=Cc2ccccc2)cc1,1.97
CC(CN1c2ccccc2Sc2ccccc21)N(C)C,8.65
Cn1ccc(N)nc1=O,4.52
Cc1cnc(C)c(O)c1C=O,4.1
Nc1nc(C(F)(F)F)c2[nH]cnc2n1,1.85
COc1ccc(CN)cc1N,9.77
Cc1nc2c(O)ccc(O)c2n1C,6.47
O=c1cc[nH]c2ccccc12,11.25
c1ccc(-c2ccc3nccn3n2)cc1,4.71
Cc1cc(-c2ccccc2)nn(CCN2CCOCC2)c1=N,9.7
CN(C)S(=O)(=O)c1ccc(N)cc1,1.53
CP(=O)(Cc1ccccc1)c1ccccc1,-1.82
CC(C)C1CC(CC(=O)O)NC1C(=O)O,10.4
NC(C(=O)O)C(O)C(=O)O,8.875
Nc1cc(O)[nH]c1O,9.0
NC(Cc1ccccc1)c1nn[nH]n1,8.18
O=C1C=CN2CC3CC(CN4CCCCC34)C2C1,9.25
COc1cc2c(cc1OC)C(=O)Cc1ccc3c(c1CN(C)CC2)OCO3,8.09
c1ccc(Oc2cccnc2)cc1,4.24
CCc1nc2ccccc2[nH]1,6.2
CC1=NCCc2c1[nH]c1ccc([N+](=O)[O-])cc21,6.37
CCCC1NC(C(=O)O)CS1,6.25
Cn1c(=O)[nH]c2c[nH]c(=O)nc21,8.74
O=[N+]([O-])c1ccc2[nH]c(C(F)(F)Cl)nc2c1,0.77
c1nc[nH]n1,2.5
CN(C)CCCCN1C=Nc2cccc3cccc1c23,5.3
Nc1ccccn1,6.95
COc1ncc2ccccc2n1,1.31
CC(=C(CCO)SSCCC(C)C)N(C=O)Cc1cnc(C)nc1N,5.58
Cc1[nH]nc2c(N)ncnc12,5.02
Nc1ccc(Cl)cc1,3.96
Cc1ccncc1C,6.53
CNc1ccc[n+](O)c1,-2.42
c1ccc2c(c1)NCCN2,4.84
CC(N)(C(=O)O)c1ccccc1,9.0
Cc1nc(N)c2ncsc2n1,4.56
CCN(CC)Cc1cc(Br)ccc1O,10.67
Cc1cc(C)nc(C)c1,7.35
CCCCOc1ccc(OCCCN2CCOCC2)cc1,6.24
Nc1cccc2cc([N+](=O)[O-])ccc12,3.15
Cc1ccnnc1,3.22
c1ccc2[nH]ncc2c1,1.31
Cc1cc(C)n(C)c(=O)n1,4.0
CNc1nccn2cc(-c3ccc([S+](C)[O-])cc3OC)nc12,5.36
CCC(C)(N)C(=O)O,9.98
c1ccc(C2CN3CCC2CC3)cc1,10.2
O=[N+]([O-])c1ccc2[nH]ncc2c1,0.13
O=[N+]([O-])c1cc2c[nH]nc2cc1[N+](=O)[O-],-0.73
CC1(C)SC2C(NC(=O)Cc3ccc(N)cc3)C(=O)N2C1C(=O)O,4.6
NCC(=O)NCCc1c[nH]cn1,7.4
Cc1ccc(CN)cc1,9.51
O=Cc1ccc(-c2cnc(-c3ccccc3)o2)cc1,0.57
CNC(=O)Oc1ccc2c(c1)C1(C)CCN(C)C1N2C,12.25
Nc1ccncc1C(=O)O,9.1
CCN(CC)CCNc1cc(Nc2ccc(Cl)cc2)nc(C)n1,9.3
CCc1ccc(C)nn1,4.17
N#Cc1cccc(N)c1,2.83
Nc1ccncc1,9.16
Nc1ccc([N+](=O)[O-])c(F)c1,-0.3
Nc1ccc(Cl)cc1Cl,2.07
CCc1c(C)nnc(C)c1C,5.17
c1ccc(N=P(c2ccccc2)(c2ccccc2)c2ccccc2)cc1,-0.92
CCCCN(CCCC)c1nnc(-c2ccccc2)cc1C,4.88
Cc1c2cc[nH]cc2cc2c1nc1ccncc12,7.5
COc1ccc(O)c(CNC(CO)C(=O)O)c1,8.3
Cc1ccccc1C(=NCCCN(C)C)c1ccccc1N,9.0
CCCCNc1nnc(-c2ccccc2)cc1C,6.1
OCCCc1ccncc1,5.9
CCCCN(CCCC)c1ccc([N+](=O)[O-])cc1,1.08
Cn1cnc2ncn(C)c2c1=O,2.16
Cc1cc(-c2cc(C)[nH]n2)[nH]n1,2.8
CCc1ccc(O)c(CN(C)C)c1,8.51
CC1CCCNC1,10.92
CCN(CC)N=C(N)CC[Si](C)(C)C,10.65
Cc1ccc2ccc3ccc(C)nc3c2n1,6.15
COc1cccc(N)c1,4.23
Nc1cccc2ccncc12,6.06
NS(=O)(=O)c1ccccc1C(=O)O,3.14
Nc1cccc2nc3ccccc3c(N)c12,11.0
CN(CO)c1ccc(Cl)cc1,3.02
C=Cc1ccncc1,5.62
Nc1ccc2ncncc2c1,3.29
C[N+](C)(C)CCOC(=O)C=Cc1c[nH]cn1,4.6
CC(C)NCC(=O)c1ccc(O)cc1,9.58
COc1cc([S+](C)[O-])ccc1-c1cn2cccnc2n1,3.7
Nc1ncnc2c1ncn2C1CCCCC1,4.19
Nc1ccc(C(=O)O)cc1,2.41
Nc1[nH]cnc(=O)c1N,9.86
COc1ccc(C(N)=O)cc1,-1.6
CCOCCN(CCOCC)c1ccccc1,4.1
c1ccc(Nc2ccccc2)cc1,0.76
Cn1cnc2c(N=O)c(O)ccc21,3.31
Cc1cccc(N=CN(C)C)c1,9.11
Nc1cccc2cccc(N)c12,4.6
Cc1cnc2c(c1)c(C)cc1c(C)ccnc12,5.9
CN1CCNCC1,9.6
CCc1ccc(C2CCCN2C)cn1,3.69
CN1CCC23c4c5ccc(OC6OC(C(=O)O)C(O)C(O)C6O)c4OC2C(O)C=CC3C1C5,8.1
COc1nc(N)c2cnn(C)c2n1,3.66
Nc1c(Br)cccc1Br,0.36
Oc1ccc2ccncc2c1,5.7
CN1C(C)(C)CCCC1(C)C,11.25
CCC(N)CO,9.53
CCCNc1ccncc1S(=O)(=O)NC(=O)NC(C)C,7.58
Cc1ccccc1CN(C)C,8.71
Cc1ccc(-c2cnc(-c3ccc(Br)cc3)o2)cc1,0.56
Nc1ccc2[nH]c(CCc3ccccc3)nc2c1,7.2
NC(CCNc1ccccc1)=NO,5.35
COc1ccc(N)cc1C(=O)NC1CC2CCC(C1)N2Cc1ccccc1,8.86
c1ccc2nnccc2c1,2.29
Nc1ccccc1N,4.43
Nc1ncc([N+](=O)[O-])s1,0.61
CC(CN1CCCC(C)(C)C1)Nc1ccccn1,9.23
CN(C)c1ccncc1,9.7
CC1CC23C4CCCN2CCCC3C(CC4O)C1=O,9.13
CC(C)(C)c1ccncc1,5.95
Ic1ccccn1,1.82
NC1CCN(Cc2ccccc2)CC1,9.79
CC1NCCCN1,9.09
c1ccc(N2CCCC2)cc1,4.3
Cc1cc(-c2ccccc2)nn2cc(CN3CCOCC3)nc12,6.3
S=c1cnc2ccccc2[nH]1,-1.11
Cc1[nH]ncc1Cl,1.4
Oc1cccc2cncnc12,3.41
Cc1nc(N)c2c[nH]nc2n1,5.41
c1ccc(CN(CC2CO2)CC2CO2)cc1,5.75
C=Cc1c(C)c2[nH]c1=Cc1[nH]c(c(=CC)c1C)=Cc1[nH]c(c(C(=O)NCC)c1C)C(CC(=O)OC)=C1N=C(C=2)C(C)C1CCC(=O)OC,2.7
CCCN(CCCl)CCCl,6.7
CN1CCCN(C)c2cccc3cccc1c23,10.27
Nc1cnnc2ccccc12,6.84
CCc1c(C)c[nH]c1C,3.19
C=CCSSC(CCO)=C(C)N(C=O)Cc1cnc(C)nc1N,5.65
Nc1nc2[nH]cnc2c(N)[n+]1[O-],3.7
CC(CCCNCc1ccccc1)C1CCC2C3C(O)CC4CC(O)CCC4(C)C3CCC12C,9.06
CSc1nc2cc3c(cc2[nH]1)CCCC3,5.0
c1ccc(-c2nc3ccccc3[nH]2)nc1,4.41
CC(C)(C)N1CCCC(=O)C(O)CCC1,7.6
O=C(O)c1ccc2nc3ccccc3cc2c1,5.22
CC(O)CN(Cc1ccccc1)CC(C)O,7.5
CC(C)(C)c1ccccc1N,3.78
Cc1cc2c(C)ccnc2c2ncccc12,5.71
COC(=O)C(N)CCONC(N)=O,6.95
CN(C(=O)c1ccccc1)c1cccnc1,3.66
Cc1cc(-c2cc(C)n(C)n2)nn1C,2.22
CCC(C(=O)O)C(CO)Cc1cncn1C,7.47
Cn1ccc(=O)c2ccccc21,2.36
CCOc1ccc2[nH]cnc2c1,5.57
CN1CCN(C(=O)c2ccccc2)CC1,6.78
CCN(CC)CC(=O)NCc1ccccc1,8.07
C(=Cc1ccncc1)c1ccccc1,5.87
COc1ccc(Nc2ccccc2)cc1,1.38
Nc1ncnc2[nH]ncc12,4.59
COc1cc([S+](C)[O-])ccc1-c1cn2ccnc(OC)c2n1,2.46
Cc1cn(C)c(=O)nc1N,4.76
CC(=O)c1ccccc1,18.34
O=C(O)c1ccccn1,5.32
CC1=Nc2ccc(C)cc2N=C(C)C1,3.75
Cc1ccc(N)cc1-c1cc(N)ccc1C,4.4
Cn1cnc(=O)c(-c2ccccc2)c1,1.99
O=C(NCCCN1CCOCC1)c1ccc(Cl)cc1,6.81
Cc1nnc(N)nc1C,3.71
CCOC(=O)c1cnc(N)s1,3.04
Cc1cc2ncn(C3OCC(O)C(O)C3O)c2cc1C,4.64
c1ccc2cnncc2c1,3.47
CCN(CC)CCCCC(C)Nc1c2ccc(Cl)cc2nc2ccc(OC)cc12,7.74
Cc1cc([N+](=O)[O-])ccc1N=NC(C#N)C#N,-0.74
OCCCc1cccnc1,5.57
Brc1cc2cccnc2c2ncccc12,4.2
c1ccc2c(c1)C1CCN2c2ccccc21,4.54
c1cncc(-c2ccco2)c1,4.62
CN(C)c1cccc([N+](C)(C)C)c1,2.6
C=CC(C)Nc1ccccc1,4.57
CCN(CC)CC(=O)Nc1cc(C)ccc1C,7.92
Nc1ccnc(-c2cc(Cl)ccn2)c1,7.4
Cc1cccnn1,3.46
NC(=NO)C(N)Cc1ccccc1,7.06
Nc1ccc2c(c1)-c1c(ccc3ccccc13)C2,4.67
Nc1ccc(-c2nc3ccccc3s2)cc1,3.0
CSc1cc(C)ncn1,3.25
COC(=O)c1c2ccccc2nc2ccccc12,3.45
CN(C)c1ccncn1,6.35
COc1ccc(-c2cc3ccncc3[nH]2)c(OC)c1,8.29
Cn1ccc(=S)c2ccccc21,0.56
CCOC(=O)C(C)N,7.8
Cc1cc(=S)[nH]c(=S)[nH]1,12.02
CC(C)CCNc1ncnc2[nH]ncc12,4.62
CC1CCN(c2ccncc2)CC1,-0.56
Nc1nc2ccccc2[nH]1,7.49
[O-][n+]1cnc(NCc2ccccc2)c2[nH]cnc21,2.86
CCOCCNc1cccc(OC)c1,3.67
CN1CCc2cccc(c2)CCc2ccc1cc2,6.76
CC[n+]1c(O)cc[nH]c1=S,8.65
c1cnc2c(c1)CCCC2,6.6
C1=C(Cc2ccccc2)C(=NCCN2CCOCC2)N=NC1c1ccccc1,6.95
NCCCCCc1ccccc1,10.51
CNc1ccc(OC)cc1,5.93
CN(C)CC1C2C=CC(C2)C1CO,9.54
Nc1cnc2cc3ccccc3cc2c1,4.78
Nc1cn[nH]c1,5.57
CC(=O)n1ccnc1C,5.03
COc1ccc(C(=O)S)cc1,-4.9
COc1c2ccccc2nc2ccccc12,7.0
c1cnoc1,1.31
Cc1cc(C)cc(N)c1,4.81
Cc1ccc(CN2CC(O[Si](C)(C)C)C2)cc1,8.24
Oc1ccc2c(c1)ncc1ccccc12,4.82
N#CCC(N)c1ccccc1,6.7
CCCn1ccnc1C,8.2
OCCc1ccncc1,5.68
NCCc1ccc([N+](=O)[O-])cc1,9.42
Nc1ccc2nnccc2c1,5.04
COCCNc1ccc(Cl)cc1,3.3
CSc1ccncc1,5.97
Cc1cc2cccnc2c2ncccc12,5.26
NCCC(=O)Oc1ccc([N+](=O)[O-])cc1,9.17
N#CC(C#N)N=Nc1ccc([N+](=O)[O-])cc1Cl,-0.62
O=C(O)CN(CC(=O)O)Cc1cc([N+](=O)[O-])ccc1O,10.22
Clc1ccc(C(Cn2ccnc2)OCc2ccc(Sc3ccccc3)cc2)c(Cl)c1,6.54
Nc1cccc(-c2cccc(N)n2)n1,6.7
CCN1CCC=C1C,11.88
COC(=O)C(Cc1c[nH]cn1)NC(C)=O,6.3
NC(=O)C(N)Cc1c[nH]cn1,7.64
CC(C(O)c1ccccc1)N(C)C,9.51333333333333
CSC(C)=N,6.71
C=C(C)C1CNC(C(=O)O)C1CC(=O)O,10.21
Cc1c(C(=O)O)sc2cc(Cn3ccnc3)ccc12,6.35
CC(C)N(CCC(c1ccccc1)c1ccccn1)C(C)C,10.5
Nc1ccc2ccccc2c1[N+](=O)[O-],-0.92
NCc1ccccn1,8.47
Nc1ccc(Cl)c2ccccc12,3.4
CC(CN)C(=O)O,9.91
CCc1cc(CC)c(OC)c(C(=O)NCC2CCCN2CC)c1O,9.54
CCCNC(C)C(=O)Nc1ccccc1C,7.32
CC(C)CCSC(=N)c1ccccc1,8.43
Nc1nncc2ccccc12,6.6
CCN(CC)CCNc1nc(C)cc(N)n1,9.8
CCCn1ccnc1CO,7.04
O=P(O)(O)C(NCc1ccncc1)c1ccccc1O,12.15
Cc1ccc(C)c(N=NC(C#N)C#N)c1,-0.84
Nc1ccc(Br)cc1,3.79
CC(=O)c1c(C)cc(C)cc1C,17.61
Cc1cccc(C)c1N,3.84
CN(C)N=C(N)CC[Si](C)(C)C,10.2
N#CC(C#N)N=Nc1ccc(N=Nc2ccccc2)cc1,-0.87
CN(C)c1ccc(C#N)cc1,1.78
CCc1cnc2c(ccc3cccnc32)c1,4.98
CCCCNCC(=O)c1ccc(O)cc1,8.55
CC(C)Nc1ncnc2[nH]ncc12,4.62
CN(C)c1ccc(C(O)(c2ccccc2)c2ccc(N(C)C)cc2)cc1,6.93
CSc1ccc(N)cc1I,3.44
Cc1ccccc1-n1nnnc1N,1.23
NNC(=O)c1ccncc1,11.04
Oc1ccc2[nH]cnc2c1,5.69
CC(=O)Nc1ccc2nc3ccccc3cc2c1,4.7
Nc1ccnc2ccc3ncccc3c12,7.3
CCCCCNCc1ccccc1O,8.65
Oc1ccc2cnc3ccccc3c2c1,5.35
COc1cc(N)c(C#N)c(N)n1,4.17
Cc1ccc2c(c1)c1c3c(nccn32)CCC1,6.24
CN(C)C=Nc1ccccc1[N+](=O)[O-],5.65
Cc1cc(=S)[nH]cn1,7.3
CCc1ccc(N=Nc2ccc(N(C)C)cc2)cc1C,2.6
CN(C)CCCC(=O)Oc1ccc([N+](=O)[O-])cc1,9.6
CCC(N)C(=O)O,9.67
NC1CCc2ccccc2C1,9.97
CCCn1ccnc1C=O,5.15
Cc1cn(C)nc1C,3.56
S=c1[nH]cnc2ncncc12,6.23
c1ccc(-c2ccco2)nc1,4.18
CC1=C(CC(C)NCC(O)c2ccc(F)cc2)CCC1(C)C,8.51
CC(C)(N)c1ccccc1,10.38
CN,10.76
CCN1CCCC1CNC(=O)c1c(O)cccc1OC,9.54
CCN(CC)CC(C)Nc1c2ccc(Cl)cc2nc2ccc(OC)cc12,9.65
Nc1ncc2[nH]cnc2n1,3.8
c1ccc2c(c1)CCCN2,4.96
CCNCC(=O)Nc1c(C)cccc1C,8.06
O=C(Cc1ccccc1Nc1c(Cl)cccc1Cl)OCCN1CCOCC1,7.52
CC(C)(C)c1cc(N)cc(C(C)(C)C)c1[N+](=O)[O-],2.93
c1ccc(-c2ccncc2)nc1,4.77
Oc1ccc(F)cc1CN1CCCCC1,11.31
O=C(O)C=Cc1c[nH]cn1,6.275
NC(=O)C(N)C(O)C(=O)O,7.17
CC(=O)NNC1CCN(C)CC1,8.7
Cc1ncc(CN)c(N)n1,4.0
Nc1ccncc1F,4.77
Cc1ccc(-c2ncc(-c3ccc(Br)cc3)o2)cc1,0.87
NCCC(=O)c1ccccc1,8.3
COc1cc([S+](C)[O-])ccc1-c1cn2ccncc2n1,2.88
CN1C=CC(N=N)c2ccccc21,10.6
CCN1CCCC1CNC(=O)c1c(OC)ccc(Cl)c1O,9.54
CC(C)NCCc1ccc(O)cc1,10.75
CC(O)CN(CCN1CCOCC1)CC(C)O,7.9
Brc1ccc(-c2cnc(-c3ccccc3)o2)cc1,0.65
CN1c2ccccc2C=CC1N=N,9.17
Cc1nccc2c1[nH]c1ccccc12,6.55
NC(=O)CCCc1cccnc1,5.33
O=c1nc2ccccc2c[nH]1,10.69
CN(C)Cc1cc(N=Nc2ccccc2)ccc1O,10.23
O=C(O)C(CO)NCc1ccccc1O,8.22
COc1cc2c(cc1O)CCN1Cc3c(ccc(OC)c3OC)CC21,9.55
CCCCCCCCCCCCCCCC(=O)NC(Cc1c[nH]cn1)C(=O)O,6.2
c1ccc(N(CC2CO2)CC2CO2)cc1,-0.4
CCCCCC(=N)NN(C)C,10.4
O=[N+]([O-])c1ccc(-c2cnc(-c3ccccc3)o2)cc1,0.35
C=CC1CN2CCC1CC2C(O)c1ccnc2ccc(OC)cc12,8.26
NCc1nc2ccccc2[nH]1,8.02
CN(C)C=Nc1cccc(O)c1,7.88
C1CCN2CC3CC(CN4CCCCC34)C2C1,11.3
Cn1ccnc1-c1nccn1C,4.91
Nc1cccc2c1CCCC2,4.5
CCCCN(CCCl)CCCl,6.63
Cc1cc(C)nc(N)n1,4.93
C#CCN1CCN(C(=O)OCC)CC1,5.44
c1ccc(CC2CCCN2)cc1,10.35
O=C(O)c1ccncc1,4.9
O=[N+]([O-])c1ccc2[nH]c(-c3ccco3)nc2c1,2.64
CC(C)(C)c1ccccn1,5.72
CCc1ccccc1N,4.37
Cc1ncc(CO)c(CN)c1O,10.32
Cc1cnn(C)c1C,3.58
Cc1ccnc2c1ccc1c(C)ccnc12,5.94
OCC1OC(n2cnc3c(=S)[nH]cnc32)C(O)C1O,7.63
C=C(C(=O)OC1CC2C3OC3C(C1)N2C)c1ccccc1,7.72
CC(=O)C1C(=O)c2ccccc2C1=O,2.88
Cc1cccc(N=Nc2ccc(N(C)C)cc2)c1,2.33
Cc1cc(Br)cc(C)c1N(C)C,4.36
C[n+]1c(O)c(=O)[nH]c2ccccc21,9.74
CSc1nccc2ccccc12,3.93
CN(CCO)c1ccccc1,4.89
CC1CCCN(C(C)C=C(c2cccs2)c2cccs2)C1,8.28
N=C(N)N=c1nc(-c2csc(N)n2)cc[nH]1,9.2
Clc1ccc(Nc2ccccc2)cc1,0.0
CN(C)Cc1ccc(O)c(O)c1O,8.26
Cc1cc(-c2ccc(N)c(C)c2)ccc1N,4.01
CCc1ccnnc1C,4.03
Cc1cc(N)cc(C)c1C,5.15
Cn1cnc2c1c(=O)[nH]c(O)[n+]2C,10.0
CC(C)Nc1ncnc2c1cnn2C,4.22
O=[N+]([O-])c1ccc2[nH]cnc2c1,3.77
COc1ccc(OC)nn1,1.61
c1cc(N2CCOCC2)ccc1N1CCOCC1,4.2
Nc1ccnc(N)n1,7.26
NC1=NC2CC(N1)C(C(=O)O)N2,12.6
CC(CN1CCCCC1)C(C#N)(c1ccccc1)c1ccccc1,7.54
CNc1ncnc2c1cnn2C,4.24
Nc1cccc2cccc([N+](=O)[O-])c12,2.79
Nc1cccc(N)c1O,5.5
Nc1ncccc1C(=O)O,6.59
CN(C)c1ccc(N)cc1,6.37
Cc1ccc2[nH]cnc2c1,5.81
CCS(=O)(=O)c1cc(OC)c(OC)c(C(=O)NC2CC3CCC(C2)N3Cc2ccccc2)c1,8.9
CC1(N)CC1N,9.06
CCC1=CC(c2ccccc2)N=NC1=NCCN1CCOCC1,7.08
COc1ccc(N)cc1CN,9.77
CCc1nc2cc3ccccc3cc2[nH]1,6.14
CCN(CC)c1nc(N)nc(N(CC)CC)n1,6.28
O=C(N=NCc1ccccc1)c1ccncc1,1.82
Cc1ccnc(C)c1,6.77
Nc1cccc([N+](=O)[O-])c1,2.6
CC(N)Cc1ccc2c(c1)OCO2,9.67
CC1CNCC(C)N1,9.86
c1ccc(CCNc2ncnc3[nH]cnc23)cc1,4.2
CC(=O)N=C1C(=O)N(c2ccccc2)N(C)C1C,0.18
Cc1cc(N)c(O)cc1C,5.28
CC1CCC2C(C)CCC(C(=O)O)N2C1,10.8
O=C(O)c1cc2cc(Cn3ccnc3)ccc2o1,7.17
N=C(N)N=c1nc(N)[nH]c(=NC(=N)N)[nH]1,9.8
CCN(CC)C(C)C(=O)Nc1c(C)cccc1C,8.11
Cc1nc(-c2ccccc2)[nH]c1C,7.0
CC1NC1C,5.335
Nc1cccc(B(O)O)c1,4.46
CCCCN=C(C)NN(C)C,10.4
CCc1nc2cc3c(cc2[nH]1)CCCC3,6.64
CC1(C)CCCC(C)(C)N1,11.17
c1coc(CNCCNCc2ccco2)c1,8.61
Cc1cccnc1N,7.24
Cc1ccn(-c2ccccn2)n1,1.36
Cc1ccc(-c2ncc(-c3ccc(Cl)cc3)o2)cc1,0.88
O=Cc1cccc(C=O)n1,1.92
Oc1c(Cl)cc(Cl)cc1CN1CCCCC1,11.12
CCC=CCc1nc(C(=O)O)cn1C(C(=O)O)C(C)(C)S,6.4
Nc1ncnc2nn(C3CC(O)C(CO)O3)nc12,3.1
c1ccc(-c2ccc3ncc(CN4CCOCC4)n3n2)cc1,6.21
O=C(Nc1ccccn1)c1ccccc1,3.33
c1ccc2cc3[nH]cnc3cc2c1,5.24
CCc1ncc[nH]1,8.05
COc1cc(CN)ccc1O,8.94
CNc1ncnc2[nH]ncc12,4.53
CCCCCCCCCCNc1ccccc1,4.56
Nc1ccnnc1,6.69
Cn1cnc2[nH]c(=O)[nH]c(=O)c21,0.87
CC1=CSC2=NCCN12,9.81
O=C(O)c1cnccn1,-0.7
O=C(O)C1OC(Oc2cccc3ncccc23)C(O)C(O)C1O,4.91
CC(=Nc1ccccc1O)c1ccccc1O,5.14
Cc1cc(-c2ccccc2)n(-c2ccc(C(=O)O)cc2)n1,1.59
O=[N+]([O-])c1ccc(-n2nnnc2C=Cc2ccc(Cl)cc2)cc1,-3.05
c1cncc(-c2nc3ccccc3[nH]2)c1,4.53
Cn1cnc2c1C(=O)c1[nH]cnc(=O)c1C2=O,6.09
ON=C(NO)c1ccccc1,3.8
CN(C)CC1C2CCC(C)(C1N)C2(C)C,9.84
CCC1CN2CCc3cc(OC)c(OC)cc3C2CC1CC=O,8.11
CC1CC(=O)CC(=O)O1,5.1
Nc1ccc2cc3ccc4ccccc4c3nc2c1,6.72
Cc1[nH]nc2c(NCc3ccco3)ncnc12,4.84
S=c1nc2[nH]cnc2c[nH]1,7.15
Cc1cc(-c2ncc[nH]2)nn1C,6.2
Brc1cncc2ccccc12,3.54
[O-][n+]1cccc2ccccc21,0.7
CCNc1cc[nH]c(=O)n1,4.58
Cc1cc(N)nc2ccc3ccccc3c12,7.14
CC1=CCN2CCC(O)C12,9.6
CCOc1ccc2nc3cc([N+](=O)[O-])ccc3c(N)c2c1,7.5
CC(=O)N(C)c1cccnc1,3.52
c1ccc(CC2=NCCC2)cc1,6.9
S=c1nc2nccnc2c[nH]1,6.52
NNC(=O)c1ccc(N)cc1,3.56
c1ccc(-c2ccccn2)nc1,4.42
CCCCc1cccnn1,3.49
Cc1cc(C)n(-c2cc(C)n(C)n2)n1,2.19
Nc1nsc2ccccc12,2.45
CCCCNc1ncnc2c1cnn2C,4.22
O=C1Nc2cncnc2NC1c1nc2ncncc2[nH]c1=O,1.0
O=C(O)CN(CC(=O)O)Cc1nc2ccccc2[nH]1,6.87
COc1ncc2[nH]cnc2n1,2.44
CC(CCCNCc1ccccc1)C1CCC2C3CCC4CC(O)CCC4(C)C3CC(O)C12C,9.07
CSc1ncnc2[nH]ncc12,1.0
COc1ccc(CN)cc1,9.67
Cc1c(Cn2ccnc2)n(C)c2ccc(C(=O)O)cc12,6.32
Cc1cn2nc(-c3ccccc3)ccc2n1,5.09
Nc1ccc(S(=O)(=O)Nc2cncnc2)cc1,1.9
CC(=O)NS(=O)(=O)c1ccc(N)cc1,1.58
COc1cc(C)nc(NN)n1,6.2
CN(C)c1ccc(Cl)cc1,4.39
CCC(=O)C(CC(C)N1CCCCC1)(c1ccccc1)c1ccccc1,8.58
CNc1nc(C)nc2c1cnn2C,5.0
CCN(CC)CCCNS(=O)(=O)c1ccc(OC)c(OC)c1OC,9.54
CCN(CC)CCNc1cc(C)nc(N)n1,9.55
CN(C)c1ncnc2c1ncn2C1OC(CO)C(O)C1O,3.65
O=C1CCCC2C3CC(CN12)C1CCCCN1C3,9.3
CC1CN(C)CCN1C,8.36
CC(N)Cc1ccc(O)cc1,9.3
NC1(C(=O)O)CCCCC1,10.02
c1ccc(-c2ccnc3c2ccc2c(-c4ccccc4)ccnc23)cc1,4.84
CCCCCCCCCCCCCCCCCc1c2ccccc2nc2ccccc12,5.5
NCCCCCCBr,10.6
Cn1c(=S)ccc2ccccc21,-1.6
CN(C)CC(CSCc1ccccc1)SCc1ccccc1,7.3
CCOc1ccccc1N,4.51
Nc1cccc2ncncc12,3.57
Cc1ccc(C2CCCN2)cc1,9.99
Cc1nnc(C)c(C)n1,2.85
CN(C)CCCN=C(c1ccccc1)c1cccc2ccccc12,9.0
Cc1ccc(NCCNc2ccc(C)cc2)cc1,3.35
CNC(C)Cc1ccc(OC)c(OC)c1,9.8
CN1CCC23c4c5ccc(OCc6ccccc6)c4OC2C(O)C=CC3C1C5,8.07
CC(C)(C)c1ccnc(C(C)(C)C)c1,6.7
NCCCCCc1ccccn1,10.38
CC1(C)C=C(N2CCCC2)CC(=O)C1,3.15
O=C(O)C(O)Cc1c[nH]cn1,7.32
Nc1cc([N+](=O)[O-])c2ccccc2c1,2.62
COc1ccc2[nH]c3c(c2c1)CCN=C3C,9.21
N#CC1=CN2CCC1CC2,5.84
Cc1cccc(-n2nnnc2N)c1,1.08
Cc1ccc(C(N)=NO)cc1,5.14
CCOC(=O)c1c[nH]c2cc([N+](=O)[O-])ccc2c1=O,9.32
NCCCBr,8.93
COCCNc1cccc(OC)c1,3.7
CSSC(CCO)=C(C)N(C=O)Cc1cnc(C)nc1N,5.59
CN(C)Cc1ccccc1CO,8.78
O=P(O)(O)C(NCc1ccccn1)c1ccccc1O,12.06
NCCCCCCO,10.62
c1ccc(Nc2nccs2)cc1,4.33
Cc1ncnc2c1NCCN2,6.74
CN(C)Cc1cccc(NC(=O)C=NO)c1,9.12
CCNC(N)=O,1.19
OCCc1cccnc1,5.38
C1OC1CN(CC1CO1)CC1CO1,5.01
CCSC(C)=N,6.9
CCN(CC)Cc1c(C)cccc1O,8.65
Nc1nc(N)c2c[nH]nc2n1,5.58
c1ccc(CNC(CC2CCCCC2)CC2CCCCC2)cc1,7.7
Cc1cnncc1C,4.13
ON=Cc1ccccn1,3.4
Cc1ccc2c(c1)ncn2C1OCC(O)C(O)C1O,4.17
NC(Cc1cccnc1)C(=O)O,9.26
CCCNCc1ccccc1,9.62
Cc1ccc([N+](=O)[O-])c2c(NCCCN(C)C)c3ccccc3nc12,6.29
Cn1c(=O)cnc2ccccc21,-1.15
NC(Cc1c[nH]cn1)C(=O)O,9.21
Brc1ccccn1,0.9
Nc1ccc(S(=O)(=O)Nc2ccccn2)cc1,2.58
Clc1cccc(Nc2ccccc2)c1,2.34
COc1ccc(C(O)CN)cc1,9.02
Cc1cc(-c2ncc[nH]2)[nH]n1,6.16
CCCC(=N)OCC,7.08
CN(C)C=Nc1ccc(O)cc1,8.28
Cc1cnc(C)c(C)n1,2.65
CC(C)(C)CNc1ccccc1,4.17
NCCCCc1cccnc1,10.16
CC1CNCc2ccccc2OCCOc2ccccc2CN1,9.41
CC(C)CSC(=N)c1ccccc1,8.22
OCC1CCN2CCCC12,10.87
CCC(O)CN(C)CC(O)CC,9.0
Cc1cccc(N=Nc2ccc(N)cc2)c1,2.88
Cn1ccnc1,7.15
O=[N+]([O-])c1ccc(O)c(CN2CCOCC2)c1,7.92
CCN1CCCC1CNC(=O)c1c(O)c(Br)cc(Br)c1OC,9.12
CN1CC(C(=O)O)CC2(O)c3cccc4[nH]cc(c34)CC12,9.2
COc1ccc2c(c1)C(O)N(C)C=C2,2.15
Cc1ccc(CON)cc1,4.4
SCCNCc1cccs1,8.93
O=C1CCc2ccccc2C1,12.83
CCNCC(=O)N(CC)CC,8.78
Nc1cccc2ccnnc12,3.68
NCCC[n+]1ccc2ccccc2c1,8.97
CN(C)C=Nc1ccc([N+](=O)[O-])cc1,6.71
NCc1ccccc1S(N)(=O)=O,8.53
C#CC1(O)CC(C)NC2CCCCC21,9.55
CN(C)c1cccc([N+](=O)[O-])c1,2.58
COc1c(O)cccc1CN,8.89
c1nc(Cc2c[nH]c(Cc3nc(Cc4c[nH]cn4)c[nH]3)n2)c[nH]1,7.49
CN(C)Cc1cc([N+](=O)[O-])ccc1O,9.93
CCOc1ccc2nc(C=Cc3ccccc3)cc(N)c2c1,9.5
COc1cnnc2ccccc12,3.21
c1ccc(C(CCN2CCCCC2)c2ccccc2)cc1,8.96
Cc1ccc2nc3ccc(C)cc3cc2c1,4.5
NCc1cccc(S(N)(=O)=O)c1,8.55
N#CC1C(=O)Cc2ccccc21,4.8
O=C1C=NCC=N1,8.23
Cc1nc2ccccc2[nH]c1=O,9.88
CC(C)NC(c1ccccc1)C(O)c1ccccc1,11.79
CNCCCc1ccccc1,10.58
SCCNc1ccccc1,3.78
Oc1ccc2cnccc2c1,5.85
OCC(O)C(O)C(O)C(O)c1nc2ccccc2[nH]1,5.28
Oc1ccccc1C=Nc1ncc2[nH]cnc2n1,3.38
O=[N+]([O-])c1cc(CN2CCCCC2)c(O)c2ccccc12,10.73
CN(C)CCCN=C(c1ccccc1)c1ccccc1-c1ccccc1,9.2
CC(C)CNC(c1ccccc1)C(O)c1ccccc1,11.34
Cc1ccc(N=NC(C#N)C#N)cc1,-0.83
Cc1c2ccccc2c(CN2CCOCC2)c2ccccc12,6.6
COc1ccc(CN2CC(O[Si](C)(C)C)C2)cc1,8.17
Cc1nnc2c(c1C)CCC2,5.36
N#CC(C#N)N=Nc1ccc(C(=O)CCl)cc1,-0.76
CCSC(=O)c1ccc(C)cc1,-4.2
O=c1[nH]cc([N+](=O)[O-])c(=O)[nH]1,11.5
Nc1cncnc1N,6.03
Cc1[nH]c2ccccc2c1C=Cc1cc2ccccc2n1C,1.22
[O-][n+]1ccc2ccccc2c1,1.01
C=Cc1ccc(C)nc1,5.67
CC(C)(C(=O)O)c1c[nH]c(CO)n1,7.38
Cc1ccccc1NC1CCCCC1,5.34
CCOc1ccc2nccc(C(O)C3CC4CCN3CC4CC)c2c1,8.5
Cn1cnc(C(=O)O)c1C(=O)O,8.0
COc1ccc(O)c(CN(C)C)c1,8.7
CN1CCCC(C(=O)O)C1,9.7
Cc1cnc2c(ccc3c(C)ccnc32)c1,5.57
CCSC(=O)c1ccc(OC)cc1,-3.77
CC(C=C(c1cccs1)c1cccs1)N1CCCCC1C,7.46
NCCc1ccncc1,9.37
CCOC(=O)c1cnc2cc3c(cc2c1OCC)OCO3,4.09
CNc1cc[nH]c(=O)n1,4.55
COc1cccnc1C=O,3.89
Cc1ccc(S(=O)(=O)N2CCNCC2)cc1,7.41
Nc1cccc2nc3ccccc3cc12,6.04
C=Cc1ccccn1,4.92
CN(C)c1ccc(N=Nc2ccncc2)cc1,5.8
Nc1nc(=S)nc(N)[nH]1,7.8
CC1=CC2CCC(O)C2N1C,11.7
CNc1cnc2ccccc2n1,4.1
CC1C(=O)OC2C1CCC1(C)C3CC(=NO)C(C)C21OC(c1ccccc1)=N3,4.675
CC(=O)c1ccc(N=Nc2c(N)n[nH]c2N)cc1,3.32
Nc1ccc(S(=O)(=O)Nc2cccnc2)cc1,2.295
CCN(CC)CCCC(C)Nc1ccnc2cc(Br)ccc12,10.15
C1CCN(C2CCNCC2)CC1,10.73
Clc1ccc(C2NCCS2)cc1,5.01
CC(CC(C#N)(c1ccccc1)c1ccccc1)N(C)C,8.31
COc1ccc(Cl)c2cccnc12,4.13
Cc1nn(C)c2c1C(c1ccccc1F)=NCC(=O)N2C,4.69
Oc1cnc2ccccc2c1,4.3
CC1CCCCC1=N,9.38
COc1ccc2c(c1)CCN2,6.1
CCCC(=O)C(CCN1CCOCC1)(c1ccccc1)c1ccccc1,7.17
Cc1ccc2nc(C)ccc2c1,5.85
CCCN(CCC)CCc1c[nH]c2ccccc12,8.6
c1ccc(-c2cnc3c(ccc4cccnc43)c2)cc1,4.82
c1ccc(-c2c[nH]cn2)cc1,6.0
c1ccc(Nc2ncnc3[nH]ncc23)cc1,3.92
Nc1ccnc2c(O)cccc12,10.71
CC(=O)c1ccc(O)c2ncccc12,4.0
CN(C)CCNc1ccnc2cccc([N+](=O)[O-])c12,5.77
Cc1cnc2ccccc2n1,0.95
Cc1cc(NCCCN(C)C)c2c([N+](=O)[O-])cccc2n1,6.41
Cc1nc2ccccc2c(NCCCN(C)C)c1[N+](=O)[O-],5.35
CC1(C)CC2CCN1C(=O)C2,5.33
CCOC(=O)c1cnc2ccccc2c1OCC,3.88
Cc1cnc2ccc(C)c([N+](=O)[O-])c2c1NCCCN(C)C,6.07
Cc1cnc2cccc([N+](=O)[O-])c2c1NCCCN(C)C,6.01
CC(CC(c1ccccc1)c1ccccc1)N1CCOCC1,6.9
Cc1cc2ccccc2nc1C,4.93
Cc1ccc2nccc(NCCCN(C)C)c2c1[N+](=O)[O-],6.15
Nc1nnc(-c2ccccc2)s1,2.9
Cc1cccc(C2NCCS2)c1,5.26
COc1cnc2ccccc2n1,0.28
Cc1cnc2ccccc2c1,5.15
Nc1ccc2nc3ccccc3nc2c1,4.52
CSc1cccc2ncccc12,4.5
O=C(c1ccccc1)n1cc(O)[nH]c1=S,-6.6
CCN(CC)CCCC(C)Nc1cc(OC)cc2cccnc12,10.35
O=[N+]([O-])c1cccc2nccc(NCCCO)c12,7.06
CN(C)CCCNc1ccnc2cc([N+](=O)[O-])ccc12,6.77
Cc1c(Cn2ccnc2)oc2ccc(C(=O)O)cc12,6.08
Cc1c([N+](=O)[O-])ccc2c(NCCCN(C)C)ccnc12,6.71
Cc1nc2c(C)ccc([N+](=O)[O-])c2c(NCCCN(C)C)c1C,6.67
O=c1cc2[nH]c(c1)COCCOCCSCCOCCOC2,10.13
O=[N+]([O-])c1cccc(C2NCCS2)c1,4.63
Cc1ccc2c(c1)cc(C)n2C,0.5
Nc1cnc2ccccc2n1,3.93
c1ccc2nccnc2c1,0.64
COc1ccc(N=Nc2c(N)n[nH]c2N)cc1,3.39
CN(C)CCN(C)c1ccnc2cccc([N+](=O)[O-])c12,4.86
O=C1CSc2ncnc(N3CCOCC3)c2N1,2.07
CN(C)CCCCNc1ccnc2cccc([N+](=O)[O-])c12,6.71
Nc1n[nH]c(N)c1N=Nc1ccccc1,3.43
CCN(CC)CCCC(C)Nc1cc(C)nc2cc(Cl)ccc12,10.18
Cc1cccc2ncccc12,5.0
Cc1ccc2c(c1)CCN2,5.0
CCN(CC)CCCC(C)Nc1ccnc2ccccc12,9.515
C=CC(CC(C)(C)CC(C)(C)C)c1ccc2cccnc2c1O,4.51
O=C(O)c1cnc2ccccc2c1,4.68
c1ccc2c(c1)ccc1[nH]cnc12,5.28
CCCCNc1ccnc2cccc([N+](=O)[O-])c12,7.18
COc1ccc(-c2nc3cncnc3[nH]2)c(OC)c1,3.09
O=C(O)c1ccnc2ccccc12,4.76
O=C(O)c1ccc2ncccc2c1,4.82
CSc1ccnc2ccccc12,5.81
FC(F)(F)c1ccc2cccnc2c1,3.16
c1ccc(-c2nc3cncnc3[nH]2)cc1,2.68
CC(C)N=CNc1ccc(-c2c[nH]cn2)cc1,8.88
NC(Cc1c[nH]c2ccccc12)C(=O)O,9.375
Nc1n[nH]c(N)c1N=Nc1ccccc1O,3.51
CSc1ccc2ccccc2n1,3.71
Oc1ccc(C2NCCS2)cc1,5.5
Cc1cc2cccc(O)c2nc1C,5.86
CC(CN(C)C)C(C#N)(c1ccccc1)c1ccccc1,7.9
CC1=CCCCN1C,11.42
CN1CCC=C(C(=O)O)C1,9.07
CCN(CC)CCNc1ccnc2ccccc12,8.475
CCC(=O)C(c1ccccc1)(c1ccccc1)C(C)CN1CCOCC1,7.12
c1ccc(C2CN2)cc1,6.47
c1ccc2cc(NCCNc3ccc4ccccc4c3)ccc2c1,3.7
Cc1cc(C)c2nccc(NCCCN(C)C)c2c1[N+](=O)[O-],6.37
Oc1cccc2nccnc12,0.85
Oc1ccc2nccnc2c1,1.4
Sc1cccc2ncccc12,3.31
C=CC(CC(C)(C)C)c1ccc2cccnc2c1O,4.94
Nc1nc2ccccc2nc1N,4.7
COc1ccc(C2NCCS2)cc1,5.45
CNc1nnc(-c2ccccc2)s1,2.8
Nc1cccc2cccnc12,4.01
C1CN2C(=N1)N1CCN=C1N1CCN=C21,5.8
O=c1[nH]c(=O)n(-c2ccccc2)[nH]1,-4.1
CN1CCC=C(C#N)C1,6.35
CCC1C(=O)OCC1Cc1cncn1C,7.08
COc1cccc2cccnc12,4.88
CN(C)CCOC(c1ccccc1)c1ccc(Br)cc1,8.64
Oc1ccc2ncccc2c1,5.26
Nn1nnnc1-c1ccccc1,-0.62
c1ccc(CSc2ccccn2)cc1,3.23
Cc1ccc(C2NCCS2)cc1,5.35
CN1CC(C(=O)O)CC2=C1Cc1c[nH]c3cccc2c13,8.17
CCC(=O)C(CCN(C)C)(c1ccccc1)c1ccccc1,9.23
Nc1ncc2[nH]c(-c3ccccc3)nc2n1,3.98
CN=C1CCCCC1,9.43
N=C1CCCCC1,9.15
Nc1cccc2[nH]c(Cc3ccccc3)nc12,8.6
N=C1NC(=O)N=C2N=CNC12,8.99
CN(C)c1ccc(C(O)c2ccc(N(C)C)cc2)cc1,5.61
CCN(CC)CCCNc1ccnc2ccccc12,9.325
O=c1[nH]c(C(F)(F)F)nc2[nH]cnc12,5.1
c1ccc(C(CCN2CCOCC2)c2ccccc2)cc1,7.25
Cc1cnc2c(O)cccc2c1C,5.8
Nc1cc(N)c2ccccc2n1,9.45
O=[N+]([O-])c1ccc(C2NCCS2)cc1,4.55
CC1CCCCC1=NCC(=O)O,9.64
CN(C)CCOC(c1ccccc1)c1ccccc1,8.88
O=C(O)C1OC(Oc2cnc3ccccc3c2)C(O)C(O)C1O,3.95
CN1Cc2c(ccc3c2OCO3)-c2ccc3cc4c(cc3c21)OCO4,2.6
CN1CCCN(C)Cc2ccccc2OCCOc2ccccc2C1,10.14
CN(C)CCCNc1c([N+](=O)[O-])cnc2ccccc12,4.43
Ic1cccc(C2NCCS2)c1,4.93
CCC(=O)C(CC(C)N(C)C)(c1ccccc1)c1ccccc1,8.62
CN(C)CCc1c[nH]c2ccc(O)cc12,11.2
Oc1cccc2cccnc12,5.02
COc1ccc2[nH]cc(CC(C)N)c2c1,10.3
N#CC(CCN1CCOCC1)(c1ccccc1)c1ccccc1,6.09
Cc1ccc(O)c2ncccc12,5.29
CN=C1CCCCC1C,9.47
CC(C=C(c1cccs1)c1cccs1)N(C)C,8.95
Cc1ccc2nc3ccc(N)cc3nc2c1,4.8
C=CCc1ccc2cccnc2c1O,4.52
O=C(O)c1cccc2cccnc12,6.99
Cc1cc2nc3ccc(N(C)C)cc3nc2cc1N,7.18
O=c1cc[nH]c2nccnc12,8.78
COc1ccc2ccccc2n1,3.17
Cc1nc2cccc([N+](=O)[O-])c2c(NCCCN(C)C)c1C,6.64
Oc1cccc(C2NCCS2)c1,5.2
CN1C2CC3CC1C(O3)C2O,8.2
Nc1cc2ccccc2[nH]1,8.15
COc1ccc(C2CN2)cc1,8.7
Cn1cnc2c(=O)[nH]cnc21,9.11
O=[N+]([O-])c1ccc(O)c(CN2CCOCCOCCOCCOCCOCC2)c1,9.59
Brc1ccc2c(c1)CCN2,3.7
Cc1cnc2c(C)ccc([N+](=O)[O-])c2c1NCCCN(C)C,6.1
CCN(CC)C(C)C=C(c1cccs1)c1cccs1,8.9
COc1ccc([N+](=O)[O-])c2cccnc12,3.55
COc1ccc(C(O)c2ccccc2)cc1,-8.0
CN1C=C(C#N)CCC1,2.7
CC(=O)Oc1cccc2cccnc12,3.3
Brc1ccc(C2NCCS2)cc1,5.05
Cc1ccc2ncccc2c1,5.1
COc1cc([S+](C)[O-])ccc1-c1nc2cncnc2[nH]1,2.69
Oc1c(I)cc(Cl)c2cccnc12,2.61
Cc1ccnc2ccccc12,5.51
Cc1cc(C)c2cccc(C)c2n1,4.48
COc1ccc2nccc(N)c2c1,8.94
CN(C)c1ncc(-c2ccccc2)s1,4.89
O=c1ccc2ccccc2[nH]1,11.74
Cc1cc(=O)n(C2CCN(C)CC2)[nH]1,9.0
Cc1cc(N)c2ccccc2n1,9.44
Cc1ccc(C2CN2)cc1,6.76
CC(CCCN)C1CCC2C3CCC4CC(O)CCC4(C)C3CCC12C,9.7
CC(C)N=CNc1ccc(-c2cn(C)cn2)cc1,8.99
c1ccc(CNC23OC4C5C6CC(C7C6C4C72)C53)cc1,7.07
Oc1c(Cl)cc(Cl)c2cccnc12,2.89
Nc1ccnc2cc(Cl)ccc12,8.22
CN(C)CCC(c1ccccc1)c1ccccc1,9.4
CN(C)CCCNc1ccnc2ccc([N+](=O)[O-])cc12,6.99
Cc1ccc2c(ccn2C)c1,-2.15
Nc1ccc2ncccc2c1,5.63
Clc1ccc(C2CN2)cc1,6.18
CCCNC(=O)C(Cc1c[nH]cn1)NC(=O)c1cccc(CNCCN)n1,9.3
CC(O)C1CCC2C3CCC4CC(N)CCC4(C)C3CCC12C,9.28
CN1CCC23c4c5ccc(O)c4OC2C(O)C=CC3C1C5,7.96
CNC(=O)C=C(c1ccc2nc(N)n(C3CCCC3)c2c1)c1ccccc1F,6.7
Cc1cccc2cccnc12,4.87
Cc1ccc2ccc(C)nc2c1,5.01
COc1cccc(C2NCCS2)c1,5.12
Cc1ccc2cccc(C)c2n1,4.1
CCC(=O)C(CCN1CCOCC1)(c1ccccc1)c1ccccc1,6.98
CC1NOCc2ccccc21,3.7
CC12CN3CC(C)(C1)CC(C)(C3)C2,10.7
c1ccc(C2NCCS2)cc1,5.2
CC(C)(S)C(C(=O)O)n1ccnc1Cc1ccccc1,6.99
Nc1ncc(-c2ccccc2)s1,4.9
Nc1cccc2ncccc12,5.46
Cn1c(N)cc2ccccc21,9.6
Oc1c(I)cc(I)c2cccnc12,2.7
COc1ccc2c3c1OC1C(O)C=CC4C(C2)N(CCC#N)CCC341,5.68
CN1CCC23c4c5ccc(O)c4OC2C(O)C=CC3C1C5O,7.13
O=Cc1ccnc2ccccc12,4.25
Nc1cccc2c1nnn2C1CC(O)C(CO)O1,1.9
COc1nc2ccccc2nc1C,1.38
CN(C1=NCCCO1)c1ccccc1,10.71
CN1CCC2=C(C1)C(c1ccccc1)c1ccccc12,8.29
CCN1CCCC=C1C,11.57
Nc1ccc(Oc2ccc(N)cc2)cc1,5.18
Brc1cnc2ccccc2c1,-0.44
CCN(CC)c1nnc(-c2ccccc2)s1,3.09
COc1ccc2c(c1)cc(C)n2C,0.25
CN(C)CCCNc1ccnc2cccc([N+](=O)[O-])c12,6.39
Cc1ccc(C(OCCN(C)C)c2ccccc2)cc1,8.5
CC(=O)C(CCN1CCOCC1)(c1ccccc1)c1ccccc1,6.83
COC1C=CC2=CCN3CCC(CO)C(=CCO)C23C1,7.79
O=[PH](O)C(NCc1cccnc1)c1ccccc1O,8.05
Cc1cc(C)c2nc(C)cc(N)c2c1,10.4
Cc1ccc2cccnc2c1,5.25
CCC(=O)C(c1ccccc1)(c1ccccc1)C(C)CN(C)C,8.07
Nc1ccc(O)c2ncccc12,5.67
C=CCN1CCC23c4c5ccc(O)c4OC2C(O)C=CC3C1C5,7.83
COc1ccc2c3c1OC1C(O)C=CC4C(C2O)N(C)CCC341,7.12
c1ccc(CSc2ccncc2)cc1,5.41
Nc1ccc(Cc2ccc(N)cc2)cc1,4.55
CCN(CC)CCCCNc1ccnc2ccccc12,9.595
CC(C)N(C)C=Nc1ccc(-c2c[nH]cn2)cc1,8.72
Cc1cc(C)c2cccc(O)c2n1,6.2
Nc1cccc2nnn(C3CC(O)C(CO)O3)c12,1.8
O=C1C2CC(CN3CCCC=C23)C2CCCCN12,9.7
Cc1ccc2cccc(O)c2n1,5.63
N=C1CC(=N)c2ccccc2C1=O,8.87
Cc1ccc2c(c1)sc(-c1ccc(N(C)C)cc1)[n+]2C,2.69
Cc1cc(NN)nc2ccccc12,8.35
O=c1[nH]c(O)cc[n+]1C1OC(CO)C(O)C1O,9.3
Nc1ccc2[nH]c(Cc3ccccc3)nc2c1,6.4
Nc1ccc(S(=O)(=O)Nc2ccc(N)nc2)cc1,4.19
O=P(O)(O)C(NCc1cccnc1)c1ccccc1O,12.16
Oc1ccc(Cl)c2cccnc12,3.68
COC(=O)c1ccc2ncccc2c1,3.8
Cc1ccc2c(c1)C(CCN)CN2,4.1
COc1ccc2c(c1)CC(C)N2,6.2
c1ccc2c(c1)CCN2,5.49
FC(F)(F)c1cccc2ncccc12,3.09
COc1cc2c(cc1OC)NCC2,7.3
Nc1n[nH]c(N)c1N=Nc1ccc(O)cc1,3.48
c1ccc2ncccc2c1,4.89
CN1C2CCC1C(C(=O)O)C(O)C2,10.405
Cc1cc2nccc(NCCCN(C)C)c2cc1[N+](=O)[O-],7.38
CCOc1c(C#N)cnc2ccccc12,3.18
CCN(CC)CCCC(C)C1CCC2C3CCC4CC(O)CCC4(C)C3CC(O)C12C,10.34
O=C(O)CN=C1CCCCC1,9.48
OCc1ccc(-c2nccc3c2[nH]c2ccccc23)o1,5.7
Sc1cnc2ccccc2c1,2.33
CC(C)N=CN(C)c1ccc(-c2c[nH]cn2)cc1,10.41
CC(CC(C#N)(c1ccccc1)c1ccccc1)N1CCOCC1,6.1
Cn1ncc2c(Nc3ccccc3)ncnc21,3.53
CC=Cc1ccc2cccnc2c1O,4.66
Cc1ccc2ccccc2n1,5.69
O=Cc1ccc2ccccc2n1,3.1
COc1ccc2ncccc2c1,5.05
O=CC(c1ccccc1)c1ccccc1,9.42
O=C(O)c1cc2ccccc2[nH]1,-0.57
CN(C)CCC(C#N)(c1ccccc1)c1ccccc1,8.31
COc1ccnc2ccccc12,6.45
Nc1ccc2nccnc2c1,2.95
Cc1cnc2c(O)cccc2c1,4.93
Sc1ccc2ncccc2c1,3.95
CC1ONCc2ccccc21,3.6
CN(C)CCCNc1ccnc2ccccc12,8.85
CSc1ccc2ncccc2c1,4.75
CCCc1c(C)[nH]n(C2CCN(C)CC2)c1=O,9.2
c1ccc2c(c1)CNCCCNCc1ccccc1OCCO2,9.82
Cc1cc2cccc(C)c2nc1C,4.41
O=Nc1ccc(NO)c2cccnc12,3.7
COc1cccc2ccc(C)nc12,5.69
O=c1[nH]cnc2[nH]cnc12,8.81
Oc1ccc(O)c2ncccc12,4.5
C[n+]1c[nH]c2[nH]c(=O)cnc2c1=O,6.19
CN(C)c1ccc2nc3ccc(N)cc3nc2c1,6.6
ON=Cc1ccnc2ccccc12,4.55
COC(=O)C1=CCCN(C)C1,7.55
S=c1[nH]c(S)c(-c2ccccc2)[nH]1,-3.16
COC(=O)c1ccc2ccccc2n1,1.75
CCNc1nnc(-c2ccccc2)s1,3.0
Nc1cccc2nccnc12,2.62
Cn1c(N)nc2[nH]cnc2c1=O,3.2
CSc1cnc2ccccc2c1,3.88
CSc1cnc2ccccc2n1,0.26
O=C(O)c1ccc(O)c2ncccc12,4.4
c1ccc(-c2ccc3ccc4cccnc4c3n2)cc1,4.9
NCCc1c[nH]c2ccccc12,10.2
O=C(O)c1ccc([N+](=O)[O-])c2cccnc12,4.67
Oc1c(Br)cc(Br)c2cccnc12,2.6
COc1nc2ccccc2nc1OC,-1.15
CCC(=O)C(CC(C)N1CCOCC1)(c1ccccc1)c1ccccc1,6.81
COC(=O)C1C(O)CC2CCC1N2C,8.53
COC(=O)C1=CCCNC1,8.7
Nc1cc(N)c2cccnc2c1O,6.96
c1ccc(N=C2NCCCO2)cc1,9.33
Nc1ncnc2c1nnn2Cc1ccco1,2.6
CCOc1ccc2c3c1OC1C(O)C=CC4C(C2)N(C)CCC341,8.03
Sc1cccc2cccnc12,8.29
Nc1ccc2cccnc2c1,6.65
NC(=O)C(N)Cc1c[nH]c2ccccc12,7.55
COc1ccc2c3c1OC1C(O)C=CC4C(C2)N(C)CCC341,8.05
O=[N+]([O-])c1ccc2cccnc2c1O,1.94
Cc1ccc([N+](=O)[O-])c2c(NCCCN(C)C)ccnc12,6.84
c1cc(-c2ccncc2)ccn1,4.82
N#Cc1ccc2c(c1)CCN2,2.8
Cc1cc(C)c2ccccc2n1,5.11
CCN(CC)CCCC(C)Nc1ccnc2ccc(OC)cc12,10.2
CN(C)CCOC(C)(c1ccccc1)c1ccccc1,8.75
Oc1ccc2cccnc2c1,5.48
Oc1cccc2ncccc12,5.2
O=[N+]([O-])c1ccc(O)c2ncccc12,2.88
S=c1[nH]cnc2[nH]cnc12,7.74
Oc1ccc2nc3ccccc3nc2c1,2.6
Nc1n[nH]c(N)c1N=Nc1ccc(C(=O)O)cc1,3.4
c1ccc2nc3ccccc3nc2c1,1.31
Nc1ccc(C(=O)O)c2ncccc12,8.46
CN(C)CCCNc1ccnc2c([N+](=O)[O-])cccc12,6.91
O=C(O)c1ccc2ccccc2n1,4.97
Cn1cnc2c(=O)[nH]c(N)nc21,9.92
CCN1CCCC1CNS(=O)(=O)c1ccc(OC)c(OC)c1OC,8.7
Cc1nn(C)c(N(C)C(=O)CN)c1C(=O)c1ccccc1F,7.52
c1coc(CNc2ncnc3[nH]cnc23)c1,10.0
c1ccc(NC2CCCC2)cc1,5.3
Nc1ccc2c(c1)Cc1cc(O)ccc1-2,4.88
COc1ccc2c3c1OC1C(O)CCC4C(C2)N(C)CCC341,8.71
CC(=O)C1(c2cccc(O)c2)CCN(C)CC1,8.61
O=C1CC2OCC=C3CN4CCC56c7ccccc7N1C5C2C3(S(=O)(=O)O)CC46,7.53
CC1CC(CC2=NCC(C)(C)C2)=NC1(C)C,12.1
CN1CCC23c4c5ccc(O)c4OC2(C)C(=O)CCC3C1C5,8.08
Cn1cncc(-c2ccccc2)c1=O,1.5
O=C1C2CC(CN3CCCCC23)C2=CCCCN12,7.7
Nc1ccc(S(=O)(=O)NCc2ccco2)cc1,2.25
c1cnc2c(c1)ccc1c3c(cnc12)CCC3,5.78
O=C(Nc1ccncc1)c1ccccc1,5.32
O=C(Cc1cnccn1)c1ccccc1,0.33
Cc1c(Cn2ccnc2)sc2ccc(C(=O)O)cc12,6.58
OCCc1c[nH]c(P(c2nc(CCO)c[nH]2)c2nc(CCO)c[nH]2)n1,6.76333333333333
c1nc2c(ccc3c4c(cnc32)CCCC4)c2c1CCCC2,6.23
c1cncc(-c2ccc[nH]2)c1,4.32
Nc1ccccc1NC(=O)c1ccc([N+](=O)[O-])cc1,3.01
CCCN(CCC)CC(=O)NC1c2ccccc2-c2ccccc21,7.28
Nc1ncnc2c1ncn2CCOCP(=O)(O)O,4.18
Cc1ccc(N2CCCC(=O)C(O)CCC2)cc1,3.2
Cc1cc(=O)[nH]c(=S)[nH]1,7.73
O=c1cc[nH]c(=S)[nH]1,12.7
Nc1ncnc2[nH]cnc12,4.23
Cc1cc(O)[n+](C)c(=O)[nH]1,10.13
c1cc(C2CCCN2)nc(C2CCCN2)c1,9.7775
COc1ccc2c3c1OC1CCCC4C(C2)N(C)CCC314,8.83
COC1C=CC2=CCN3CCC(CO)=C(CCO)C23C1,7.8
Nc1ccc2c(c1O)Cc1ccccc1-2,4.82
CC1=CC(C)=NC1=Cc1[nH]c(C)cc1C,8.4
CCOC(=O)Nc1ncnc2[nH]cnc12,2.4
COc1cc2c(cc1OC)C13CCN4CC5=CCOC6CC(=O)N2C1C6C5CC43,5.86
c1ccc(-c2cc(-c3ccccc3)c(NCCN3CCOCC3)nn2)cc1,6.81
Cc1cc(-n2nc(C)cc2C)[nH]n1,2.23
CSc1nc2cncnc2n1C,2.98
CSc1nc(N)c2c(ncn2C2OC(CO)C(O)C2O)n1,3.1
CCN(CC)CC(=O)NC1c2ccccc2-c2ccccc21,7.98
Cn1cnc2[nH]c(=O)[nH]c(=S)c21,0.3
O=CC1c2ccccc2-c2ccccc21,6.2
COc1ccc2c3c1OC1C(=O)CCC4(O)C(C2)N(C)CCC314,8.6
O=Cc1ncnc2[nH]cnc12,2.4
COc1ccc(-c2cn3cc[nH]c3n2)c(OC)c1,6.76
O=C1CCC2N1CCC1c3ccccc3CCN12,4.89
O=C(O)C(NCCNC(C(=O)O)c1ccccc1O)c1ccccc1O,12.05
Cc1ccc2c(c1)c1c3n2CCN=C3CCC1,8.57
O=C(O)c1cc2cc(Cn3ccnc3)ccc2s1,6.77
c1c[nH]c(P(c2ncc[nH]2)c2ncc[nH]2)n1,7.44
O=C1CC2OCC(S(=O)(=O)O)=C3CN4CCC56c7ccccc7N1C5C2C3CC46,7.54
N=C1CC=NC(=O)N1,12.25
Oc1ccccc1CNC1CCCCC1,8.67
C[n+]1c(O)cc[nH]c1=O,9.94
COc1ccc2c3c1OC1CCCC4C(NCCC314)C2O,8.945
Cc1ncnc2[nH]cnc12,2.6
Cc1ccccc1NC1CCCC1,5.07
O=C1CC2OCC=C3CN4CCC56c7ccccc7N1C5C2C3CC46,8.18
[O-][n+]1cnc2[nH]cnc2c1NCc1ccccc1,2.66
O=c1cc[nH]cc1Br,9.4
Cn1ccc(=O)cc1,3.33
Cc1cc(C)n(Cc2cc(C)n(C)n2)n1,3.39
O=C(c1ccccc1)N(O)c1ccccc1,-2.08
c1ccc(C(OCCN2CCCCC2)c2ccccc2)cc1,8.03
Nc1ccc2c(c1)Cc1c(O)cccc1-2,4.63
NC(=O)CN(CCN(CC(N)=O)Cc1ccccc1O)Cc1ccccc1O,6.54
S=c1[nH]cnc2nccnc12,6.81
Cc1ccc(NC(=O)CN2CCCCC2)c(C)c1,7.8
Cn1cccc1-c1cccnc1,4.73
c1c[nH]c(Cc2nc(Cc3c[nH]cn3)c[nH]2)n1,7.26
FC(F)(F)c1nc2cncnc2[nH]1,1.0
O=C1CC2OCC=C3C4CC5N(CCC56c5ccccc5N1C6C24)C3S(=O)(=O)O,3.2
O=C(O)c1ccc2sc(Cn3ccnc3)cc2c1,6.34
OCCN1CCN(CCCN2c3ccccc3Sc3ccc(Cl)cc32)CC1,3.59
Cn1c2ccccc2c(=N)c2ccccc21,11.01
Nc1nc(N)nc(Nc2ccccc2)n1,4.65
Oc1ccc(NCc2ccccc2)cc1,5.17
O=[N+]([O-])c1ccc(C=Nc2ncccn2)cc1,3.12
COc1cc([S+](C)[O-])ccc1-c1nc2[nH]ncc2[nH]1,3.8
c1cncc(C2=NCCC2)c1,8.77
Cc1ccccc1NC(=O)CN1CCCCC1,7.7
Nc1ccc2c(c1)Cc1cccc(O)c1-2,4.73
CNc1nc(C)nc2[nH]cnc12,5.08
CN(C)c1ncnc2[nH]cnc12,3.87
CN=c1oc2c(n1C)CCCC2,10.23
Cc1ncc(CO)c(C)c1OCc1ccccc1,5.52
CC1=NCCS1,5.29
COc1ccc2nc3c(c(N4CCOCC4)c2c1)CCC3,7.14
NC(=O)N=NCc1ncnc2[nH]cnc12,2.1
Cc1c(N)ccc2c1-c1ccccc1C2,4.83
CCC(=O)C1(c2cccc(O)c2)CCN(C)CC1,8.67
CC(C)(C)c1ccc(C(O)CCCN2CCC(C(O)(c3ccccc3)c3ccccc3)CC2)cc1,8.6
CNc1nc2cncnc2[nH]1,4.78
Nc1ccc2c(c1)-c1ccccc1C2,4.68
Nc1ccc2c(c1)Cc1c(F)cccc1-2,3.54
Cc1ccnc(N=Cc2ccc([N+](=O)[O-])cc2)n1,3.66
O=c1[nH]c(=S)c2[nH]cnc2[nH]1,0.9
COC(=O)Nc1ncnc2[nH]cnc12,2.27
O=C(NNc1ccc(Br)cc1)c1ccncc1,4.03
Cc1ccc2nc3c(c(N4CCOCC4)c2c1)CCC3,7.18
O=c1cc[nH]cc1,11.09
O=C(O)c1cc(=O)[nH]c(O)[n+]1C1OC(CO)C(O)C1O,9.0
CCOC(=O)C1(c2ccccc2)CCN(CC)CC1,9.03
c1ccc(Oc2ccncc2)cc1,6.16
CC(=O)N=c1ccccn1C,7.12
O=c1cn[nH]c2ccccc12,9.27
CN1CCC23c4c5ccc(O)c4OC2C(=O)CCC3C1C5,7.97
CN(C)c1nc2cncnc2[nH]1,4.8
CN(c1ccccc1)C1CCCC1,6.71
Brc1ccc2nc3c(c(N4CCOCC4)c2c1)CCC3,6.38
CN(C)c1nc2c(s1)CCCC2,6.16
CCN=C1CC(=NCC)CC(C)(C)C1,12.13
CN(C(=O)c1ccccc1)c1ccncc1,4.68
Cc1cnc2c(=S)[nH]cnc2n1,7.02
Cc1ccc(NC(=O)CN2CCCCC2)cc1,7.85
S=C1N=CCc2ccccc21,10.82
O=c1cccccc1,-0.82
O=[N+]([O-])C1=CC=CC1,3.25
CN1CC=CC1c1cccnc1,7.04
Cc1c(Cn2ccnc2)sc2cc(C(=O)O)ccc12,6.04
Nc1ccc(S(=O)(=O)Nc2cnccn2)cc1,1.77
COc1cc2c(cc1OC)C13CCN4CC5=CCOC6CC(=O)N2C1C6C5(S(=O)(=O)O)CC43,7.45
C[n+]1ccc(O)[nH]c1=O,9.73
CN1CCC23c4c5ccc(O)c4OC2C(O)CCC3C1C5,8.94
CCOC(=O)C1(c2ccccc2)CCN(C)CC1,8.6
COc1nc2cncnc2[nH]1,3.14
CCCC(=O)C1(c2cccc(O)c2)CCN(C)CC1,8.62
COc1cc2c(cc1OC)C13CCN4C1CC1C(=CCOC5CC(=O)N2C3C51)C4S(=O)(=O)O,3.12
Cc1nc2cncnc2[nH]1,2.85
COc1ncnc2[nH]cnc12,2.21
COc1ccc2c3c1OC1C(=O)CCC4C(C2)N(C)CCC314,7.67
c1cncc(-c2cccnc2)c1,4.6
CCC(=O)OC1(c2ccccc2)CCN(C)CC1C,8.66
N=NCc1ncnc2[nH]cnc12,9.2
O=C(Cc1ccccc1)C(CN1CCOCC1)c1ccccc1,6.17
CNc1ncnc2[nH]cnc12,4.31
Cn1cnc2c(N)ncnc21,-0.59
CSc1nc2cncnc2[nH]1,2.95
Cc1ccc(N=C2C=CC(=N)C=C2)c(N)c1,4.2
CC=C1CN2CCC34C(=Nc5ccccc53)C(C(=O)OC)C1CC24,7.46
Cc1cc(C)n(Cc2cc(C)[nH]n2)n1,3.5
CCN(CC)CCNc1nc(C)nc(Nc2ccc(Cl)cc2)n1,9.3
Cn1cnc2cncnc21,2.42
O=C(CN1CCCCC1)Nc1ccccc1,7.85
O=C(NC1CC2CCC(C1)N2Cc1ccccc1)c1cccc2c1OCCO2,8.68
Nc1ncnc2ncn(C3OC(CO)C(O)C3O)c12,3.9
Cc1cccc(C)c1NC(=O)CN1CCCCC1,7.6
NC(=O)Nc1ncnc2[nH]cnc12,2.35
CC1CN=C(C(C)(C)C)S1,5.02
COc1ccc2c3c1OC1CCCC4C(C2O)N(C)CCC314,9.41
CCOc1ccc2nc3c(c(N4CCOCC4)c2c1)CCC3,7.11
CC(C)(C)C1(O)CCN2CC3c4ccccc4CCc4cccc(c43)C2C1,7.15
CN1C(=O)N(CCN2CCOCC2)C(=O)C(C)(C2=CCCCC2)C1=O,5.75
Nc1nc2cncnc2[nH]1,4.68
OCc1nc2cncnc2[nH]1,2.62
